Month,Geothermal Energy Consumed by the Residential Sector,Solar Energy Consumed by the Residential Sector,Wood Energy Consumed by the Residential Sector,Total Renewable Energy Consumed by the Residential Sector,Hydroelectric Power Consumed by the Commercial Sector,Geothermal Energy Consumed by the Commercial Sector,Solar Energy Consumed by the Commercial Sector,Wind Energy Consumed by the Commercial Sector,Wood Energy Consumed by the Commercial Sector,Waste Energy Consumed by the Commercial Sector,"Fuel Ethanol, Excluding Denaturant, Consumed by the Commercial Sector",Biomass Energy Consumed by the Commercial Sector,Total Renewable Energy Consumed by the Commercial Sector
1973-01-01,Not Available,Not Available,30.074,30.074,Not Available,Not Available,Not Available,Not Available,0.57,Not Available,Not Available,0.57,0.57
1973-02-01,Not Available,Not Available,27.164,27.164,Not Available,Not Available,Not Available,Not Available,0.515,Not Available,Not Available,0.515,0.515
1973-03-01,Not Available,Not Available,30.074,30.074,Not Available,Not Available,Not Available,Not Available,0.57,Not Available,Not Available,0.57,0.57
1973-04-01,Not Available,Not Available,29.104,29.104,Not Available,Not Available,Not Available,Not Available,0.551,Not Available,Not Available,0.551,0.551
1973-05-01,Not Available,Not Available,30.074,30.074,Not Available,Not Available,Not Available,Not Available,0.57,Not Available,Not Available,0.57,0.57
1973-06-01,Not Available,Not Available,29.104,29.104,Not Available,Not Available,Not Available,Not Available,0.551,Not Available,Not Available,0.551,0.551
1973-07-01,Not Available,Not Available,30.074,30.074,Not Available,Not Available,Not Available,Not Available,0.57,Not Available,Not Available,0.57,0.57
1973-08-01,Not Available,Not Available,30.074,30.074,Not Available,Not Available,Not Available,Not Available,0.57,Not Available,Not Available,0.57,0.57
1973-09-01,Not Available,Not Available,29.104,29.104,Not Available,Not Available,Not Available,Not Available,0.551,Not Available,Not Available,0.551,0.551
1973-10-01,Not Available,Not Available,30.074,30.074,Not Available,Not Available,Not Available,Not Available,0.57,Not Available,Not Available,0.57,0.57
1973-11-01,Not Available,Not Available,29.104,29.104,Not Available,Not Available,Not Available,Not Available,0.551,Not Available,Not Available,0.551,0.551
1973-12-01,Not Available,Not Available,30.074,30.074,Not Available,Not Available,Not Available,Not Available,0.57,Not Available,Not Available,0.57,0.57
1974-01-01,Not Available,Not Available,31.506,31.506,Not Available,Not Available,Not Available,Not Available,0.596,Not Available,Not Available,0.596,0.596
1974-02-01,Not Available,Not Available,28.457,28.457,Not Available,Not Available,Not Available,Not Available,0.538,Not Available,Not Available,0.538,0.538
1974-03-01,Not Available,Not Available,31.506,31.506,Not Available,Not Available,Not Available,Not Available,0.596,Not Available,Not Available,0.596,0.596
1974-04-01,Not Available,Not Available,30.489,30.489,Not Available,Not Available,Not Available,Not Available,0.577,Not Available,Not Available,0.577,0.577
1974-05-01,Not Available,Not Available,31.506,31.506,Not Available,Not Available,Not Available,Not Available,0.596,Not Available,Not Available,0.596,0.596
1974-06-01,Not Available,Not Available,30.489,30.489,Not Available,Not Available,Not Available,Not Available,0.577,Not Available,Not Available,0.577,0.577
1974-07-01,Not Available,Not Available,31.506,31.506,Not Available,Not Available,Not Available,Not Available,0.596,Not Available,Not Available,0.596,0.596
1974-08-01,Not Available,Not Available,31.506,31.506,Not Available,Not Available,Not Available,Not Available,0.596,Not Available,Not Available,0.596,0.596
1974-09-01,Not Available,Not Available,30.489,30.489,Not Available,Not Available,Not Available,Not Available,0.577,Not Available,Not Available,0.577,0.577
1974-10-01,Not Available,Not Available,31.506,31.506,Not Available,Not Available,Not Available,Not Available,0.596,Not Available,Not Available,0.596,0.596
1974-11-01,Not Available,Not Available,30.489,30.489,Not Available,Not Available,Not Available,Not Available,0.577,Not Available,Not Available,0.577,0.577
1974-12-01,Not Available,Not Available,31.506,31.506,Not Available,Not Available,Not Available,Not Available,0.596,Not Available,Not Available,0.596,0.596
1975-01-01,Not Available,Not Available,36.131,36.131,Not Available,Not Available,Not Available,Not Available,0.685,Not Available,Not Available,0.685,0.685
1975-02-01,Not Available,Not Available,32.634,32.634,Not Available,Not Available,Not Available,Not Available,0.619,Not Available,Not Available,0.619,0.619
1975-03-01,Not Available,Not Available,36.131,36.131,Not Available,Not Available,Not Available,Not Available,0.685,Not Available,Not Available,0.685,0.685
1975-04-01,Not Available,Not Available,34.965,34.965,Not Available,Not Available,Not Available,Not Available,0.663,Not Available,Not Available,0.663,0.663
1975-05-01,Not Available,Not Available,36.131,36.131,Not Available,Not Available,Not Available,Not Available,0.685,Not Available,Not Available,0.685,0.685
1975-06-01,Not Available,Not Available,34.965,34.965,Not Available,Not Available,Not Available,Not Available,0.663,Not Available,Not Available,0.663,0.663
1975-07-01,Not Available,Not Available,36.131,36.131,Not Available,Not Available,Not Available,Not Available,0.685,Not Available,Not Available,0.685,0.685
1975-08-01,Not Available,Not Available,36.131,36.131,Not Available,Not Available,Not Available,Not Available,0.685,Not Available,Not Available,0.685,0.685
1975-09-01,Not Available,Not Available,34.965,34.965,Not Available,Not Available,Not Available,Not Available,0.663,Not Available,Not Available,0.663,0.663
1975-10-01,Not Available,Not Available,36.131,36.131,Not Available,Not Available,Not Available,Not Available,0.685,Not Available,Not Available,0.685,0.685
1975-11-01,Not Available,Not Available,34.965,34.965,Not Available,Not Available,Not Available,Not Available,0.663,Not Available,Not Available,0.663,0.663
1975-12-01,Not Available,Not Available,36.131,36.131,Not Available,Not Available,Not Available,Not Available,0.685,Not Available,Not Available,0.685,0.685
1976-01-01,Not Available,Not Available,40.794,40.794,Not Available,Not Available,Not Available,Not Available,0.771,Not Available,Not Available,0.771,0.771
1976-02-01,Not Available,Not Available,38.162,38.162,Not Available,Not Available,Not Available,Not Available,0.721,Not Available,Not Available,0.721,0.721
1976-03-01,Not Available,Not Available,40.794,40.794,Not Available,Not Available,Not Available,Not Available,0.771,Not Available,Not Available,0.771,0.771
1976-04-01,Not Available,Not Available,39.478,39.478,Not Available,Not Available,Not Available,Not Available,0.746,Not Available,Not Available,0.746,0.746
1976-05-01,Not Available,Not Available,40.794,40.794,Not Available,Not Available,Not Available,Not Available,0.771,Not Available,Not Available,0.771,0.771
1976-06-01,Not Available,Not Available,39.478,39.478,Not Available,Not Available,Not Available,Not Available,0.746,Not Available,Not Available,0.746,0.746
1976-07-01,Not Available,Not Available,40.794,40.794,Not Available,Not Available,Not Available,Not Available,0.771,Not Available,Not Available,0.771,0.771
1976-08-01,Not Available,Not Available,40.794,40.794,Not Available,Not Available,Not Available,Not Available,0.771,Not Available,Not Available,0.771,0.771
1976-09-01,Not Available,Not Available,39.478,39.478,Not Available,Not Available,Not Available,Not Available,0.746,Not Available,Not Available,0.746,0.746
1976-10-01,Not Available,Not Available,40.794,40.794,Not Available,Not Available,Not Available,Not Available,0.771,Not Available,Not Available,0.771,0.771
1976-11-01,Not Available,Not Available,39.478,39.478,Not Available,Not Available,Not Available,Not Available,0.746,Not Available,Not Available,0.746,0.746
1976-12-01,Not Available,Not Available,40.794,40.794,Not Available,Not Available,Not Available,Not Available,0.771,Not Available,Not Available,0.771,0.771
1977-01-01,Not Available,Not Available,46.014,46.014,Not Available,Not Available,Not Available,Not Available,0.874,Not Available,Not Available,0.874,0.874
1977-02-01,Not Available,Not Available,41.561,41.561,Not Available,Not Available,Not Available,Not Available,0.789,Not Available,Not Available,0.789,0.789
1977-03-01,Not Available,Not Available,46.014,46.014,Not Available,Not Available,Not Available,Not Available,0.874,Not Available,Not Available,0.874,0.874
1977-04-01,Not Available,Not Available,44.53,44.53,Not Available,Not Available,Not Available,Not Available,0.845,Not Available,Not Available,0.845,0.845
1977-05-01,Not Available,Not Available,46.014,46.014,Not Available,Not Available,Not Available,Not Available,0.874,Not Available,Not Available,0.874,0.874
1977-06-01,Not Available,Not Available,44.53,44.53,Not Available,Not Available,Not Available,Not Available,0.845,Not Available,Not Available,0.845,0.845
1977-07-01,Not Available,Not Available,46.014,46.014,Not Available,Not Available,Not Available,Not Available,0.874,Not Available,Not Available,0.874,0.874
1977-08-01,Not Available,Not Available,46.014,46.014,Not Available,Not Available,Not Available,Not Available,0.874,Not Available,Not Available,0.874,0.874
1977-09-01,Not Available,Not Available,44.53,44.53,Not Available,Not Available,Not Available,Not Available,0.845,Not Available,Not Available,0.845,0.845
1977-10-01,Not Available,Not Available,46.014,46.014,Not Available,Not Available,Not Available,Not Available,0.874,Not Available,Not Available,0.874,0.874
1977-11-01,Not Available,Not Available,44.53,44.53,Not Available,Not Available,Not Available,Not Available,0.845,Not Available,Not Available,0.845,0.845
1977-12-01,Not Available,Not Available,46.014,46.014,Not Available,Not Available,Not Available,Not Available,0.874,Not Available,Not Available,0.874,0.874
1978-01-01,Not Available,Not Available,52.815,52.815,Not Available,Not Available,Not Available,Not Available,1.005,Not Available,Not Available,1.005,1.005
1978-02-01,Not Available,Not Available,47.703,47.703,Not Available,Not Available,Not Available,Not Available,0.908,Not Available,Not Available,0.908,0.908
1978-03-01,Not Available,Not Available,52.815,52.815,Not Available,Not Available,Not Available,Not Available,1.005,Not Available,Not Available,1.005,1.005
1978-04-01,Not Available,Not Available,51.111,51.111,Not Available,Not Available,Not Available,Not Available,0.973,Not Available,Not Available,0.973,0.973
1978-05-01,Not Available,Not Available,52.815,52.815,Not Available,Not Available,Not Available,Not Available,1.005,Not Available,Not Available,1.005,1.005
1978-06-01,Not Available,Not Available,51.111,51.111,Not Available,Not Available,Not Available,Not Available,0.973,Not Available,Not Available,0.973,0.973
1978-07-01,Not Available,Not Available,52.815,52.815,Not Available,Not Available,Not Available,Not Available,1.005,Not Available,Not Available,1.005,1.005
1978-08-01,Not Available,Not Available,52.815,52.815,Not Available,Not Available,Not Available,Not Available,1.005,Not Available,Not Available,1.005,1.005
1978-09-01,Not Available,Not Available,51.111,51.111,Not Available,Not Available,Not Available,Not Available,0.973,Not Available,Not Available,0.973,0.973
1978-10-01,Not Available,Not Available,52.815,52.815,Not Available,Not Available,Not Available,Not Available,1.005,Not Available,Not Available,1.005,1.005
1978-11-01,Not Available,Not Available,51.111,51.111,Not Available,Not Available,Not Available,Not Available,0.973,Not Available,Not Available,0.973,0.973
1978-12-01,Not Available,Not Available,52.815,52.815,Not Available,Not Available,Not Available,Not Available,1.005,Not Available,Not Available,1.005,1.005
1979-01-01,Not Available,Not Available,61.837,61.837,Not Available,Not Available,Not Available,Not Available,1.173,Not Available,Not Available,1.173,1.173
1979-02-01,Not Available,Not Available,55.852,55.852,Not Available,Not Available,Not Available,Not Available,1.06,Not Available,Not Available,1.06,1.06
1979-03-01,Not Available,Not Available,61.837,61.837,Not Available,Not Available,Not Available,Not Available,1.173,Not Available,Not Available,1.173,1.173
1979-04-01,Not Available,Not Available,59.842,59.842,Not Available,Not Available,Not Available,Not Available,1.135,Not Available,Not Available,1.135,1.135
1979-05-01,Not Available,Not Available,61.837,61.837,Not Available,Not Available,Not Available,Not Available,1.173,Not Available,Not Available,1.173,1.173
1979-06-01,Not Available,Not Available,59.842,59.842,Not Available,Not Available,Not Available,Not Available,1.135,Not Available,Not Available,1.135,1.135
1979-07-01,Not Available,Not Available,61.837,61.837,Not Available,Not Available,Not Available,Not Available,1.173,Not Available,Not Available,1.173,1.173
1979-08-01,Not Available,Not Available,61.837,61.837,Not Available,Not Available,Not Available,Not Available,1.173,Not Available,Not Available,1.173,1.173
1979-09-01,Not Available,Not Available,59.842,59.842,Not Available,Not Available,Not Available,Not Available,1.135,Not Available,Not Available,1.135,1.135
1979-10-01,Not Available,Not Available,61.837,61.837,Not Available,Not Available,Not Available,Not Available,1.173,Not Available,Not Available,1.173,1.173
1979-11-01,Not Available,Not Available,59.842,59.842,Not Available,Not Available,Not Available,Not Available,1.135,Not Available,Not Available,1.135,1.135
1979-12-01,Not Available,Not Available,61.837,61.837,Not Available,Not Available,Not Available,Not Available,1.173,Not Available,Not Available,1.173,1.173
1980-01-01,Not Available,Not Available,71.995,71.995,Not Available,Not Available,Not Available,Not Available,1.779,Not Available,Not Available,1.779,1.779
1980-02-01,Not Available,Not Available,67.35,67.35,Not Available,Not Available,Not Available,Not Available,1.664,Not Available,Not Available,1.664,1.664
1980-03-01,Not Available,Not Available,71.995,71.995,Not Available,Not Available,Not Available,Not Available,1.779,Not Available,Not Available,1.779,1.779
1980-04-01,Not Available,Not Available,69.672,69.672,Not Available,Not Available,Not Available,Not Available,1.721,Not Available,Not Available,1.721,1.721
1980-05-01,Not Available,Not Available,71.995,71.995,Not Available,Not Available,Not Available,Not Available,1.779,Not Available,Not Available,1.779,1.779
1980-06-01,Not Available,Not Available,69.672,69.672,Not Available,Not Available,Not Available,Not Available,1.721,Not Available,Not Available,1.721,1.721
1980-07-01,Not Available,Not Available,71.995,71.995,Not Available,Not Available,Not Available,Not Available,1.779,Not Available,Not Available,1.779,1.779
1980-08-01,Not Available,Not Available,71.995,71.995,Not Available,Not Available,Not Available,Not Available,1.779,Not Available,Not Available,1.779,1.779
1980-09-01,Not Available,Not Available,69.672,69.672,Not Available,Not Available,Not Available,Not Available,1.721,Not Available,Not Available,1.721,1.721
1980-10-01,Not Available,Not Available,71.995,71.995,Not Available,Not Available,Not Available,Not Available,1.779,Not Available,Not Available,1.779,1.779
1980-11-01,Not Available,Not Available,69.672,69.672,Not Available,Not Available,Not Available,Not Available,1.721,Not Available,Not Available,1.721,1.721
1980-12-01,Not Available,Not Available,71.995,71.995,Not Available,Not Available,Not Available,Not Available,1.779,Not Available,Not Available,1.779,1.779
1981-01-01,Not Available,Not Available,73.89,73.89,Not Available,Not Available,Not Available,Not Available,1.784,Not Available,0.004,1.788,1.788
1981-02-01,Not Available,Not Available,66.74,66.74,Not Available,Not Available,Not Available,Not Available,1.611,Not Available,0.004,1.615,1.615
1981-03-01,Not Available,Not Available,73.89,73.89,Not Available,Not Available,Not Available,Not Available,1.784,Not Available,0.004,1.788,1.788
1981-04-01,Not Available,Not Available,71.507,71.507,Not Available,Not Available,Not Available,Not Available,1.726,Not Available,0.004,1.73,1.73
1981-05-01,Not Available,Not Available,73.89,73.89,Not Available,Not Available,Not Available,Not Available,1.784,Not Available,0.004,1.788,1.788
1981-06-01,Not Available,Not Available,71.507,71.507,Not Available,Not Available,Not Available,Not Available,1.726,Not Available,0.004,1.73,1.73
1981-07-01,Not Available,Not Available,73.89,73.89,Not Available,Not Available,Not Available,Not Available,1.784,Not Available,0.004,1.788,1.788
1981-08-01,Not Available,Not Available,73.89,73.89,Not Available,Not Available,Not Available,Not Available,1.784,Not Available,0.004,1.788,1.788
1981-09-01,Not Available,Not Available,71.507,71.507,Not Available,Not Available,Not Available,Not Available,1.726,Not Available,0.004,1.73,1.73
1981-10-01,Not Available,Not Available,73.89,73.89,Not Available,Not Available,Not Available,Not Available,1.784,Not Available,0.004,1.788,1.788
1981-11-01,Not Available,Not Available,71.507,71.507,Not Available,Not Available,Not Available,Not Available,1.726,Not Available,0.004,1.73,1.73
1981-12-01,Not Available,Not Available,73.89,73.89,Not Available,Not Available,Not Available,Not Available,1.784,Not Available,0.004,1.788,1.788
1982-01-01,Not Available,Not Available,82.384,82.384,Not Available,Not Available,Not Available,Not Available,1.868,Not Available,0.011,1.88,1.88
1982-02-01,Not Available,Not Available,74.411,74.411,Not Available,Not Available,Not Available,Not Available,1.688,Not Available,0.01,1.698,1.698
1982-03-01,Not Available,Not Available,82.384,82.384,Not Available,Not Available,Not Available,Not Available,1.868,Not Available,0.011,1.88,1.88
1982-04-01,Not Available,Not Available,79.726,79.726,Not Available,Not Available,Not Available,Not Available,1.808,Not Available,0.011,1.819,1.819
1982-05-01,Not Available,Not Available,82.384,82.384,Not Available,Not Available,Not Available,Not Available,1.868,Not Available,0.011,1.88,1.88
1982-06-01,Not Available,Not Available,79.726,79.726,Not Available,Not Available,Not Available,Not Available,1.808,Not Available,0.011,1.819,1.819
1982-07-01,Not Available,Not Available,82.384,82.384,Not Available,Not Available,Not Available,Not Available,1.868,Not Available,0.011,1.88,1.88
1982-08-01,Not Available,Not Available,82.384,82.384,Not Available,Not Available,Not Available,Not Available,1.868,Not Available,0.011,1.88,1.88
1982-09-01,Not Available,Not Available,79.726,79.726,Not Available,Not Available,Not Available,Not Available,1.808,Not Available,0.011,1.819,1.819
1982-10-01,Not Available,Not Available,82.384,82.384,Not Available,Not Available,Not Available,Not Available,1.868,Not Available,0.011,1.88,1.88
1982-11-01,Not Available,Not Available,79.726,79.726,Not Available,Not Available,Not Available,Not Available,1.808,Not Available,0.011,1.819,1.819
1982-12-01,Not Available,Not Available,82.384,82.384,Not Available,Not Available,Not Available,Not Available,1.868,Not Available,0.011,1.88,1.88
1983-01-01,Not Available,Not Available,82.384,82.384,Not Available,Not Available,Not Available,Not Available,1.868,Not Available,0.023,1.892,1.892
1983-02-01,Not Available,Not Available,74.411,74.411,Not Available,Not Available,Not Available,Not Available,1.688,Not Available,0.021,1.709,1.709
1983-03-01,Not Available,Not Available,82.384,82.384,Not Available,Not Available,Not Available,Not Available,1.868,Not Available,0.023,1.892,1.892
1983-04-01,Not Available,Not Available,79.726,79.726,Not Available,Not Available,Not Available,Not Available,1.808,Not Available,0.023,1.831,1.831
1983-05-01,Not Available,Not Available,82.384,82.384,Not Available,Not Available,Not Available,Not Available,1.868,Not Available,0.023,1.892,1.892
1983-06-01,Not Available,Not Available,79.726,79.726,Not Available,Not Available,Not Available,Not Available,1.808,Not Available,0.023,1.831,1.831
1983-07-01,Not Available,Not Available,82.384,82.384,Not Available,Not Available,Not Available,Not Available,1.868,Not Available,0.023,1.892,1.892
1983-08-01,Not Available,Not Available,82.384,82.384,Not Available,Not Available,Not Available,Not Available,1.868,Not Available,0.023,1.892,1.892
1983-09-01,Not Available,Not Available,79.726,79.726,Not Available,Not Available,Not Available,Not Available,1.808,Not Available,0.023,1.831,1.831
1983-10-01,Not Available,Not Available,82.384,82.384,Not Available,Not Available,Not Available,Not Available,1.868,Not Available,0.023,1.892,1.892
1983-11-01,Not Available,Not Available,79.726,79.726,Not Available,Not Available,Not Available,Not Available,1.808,Not Available,0.023,1.831,1.831
1983-12-01,Not Available,Not Available,82.384,82.384,Not Available,Not Available,Not Available,Not Available,1.868,Not Available,0.023,1.892,1.892
1984-01-01,Not Available,Not Available,83.005,83.005,Not Available,Not Available,Not Available,Not Available,1.863,Not Available,0.03,1.893,1.893
1984-02-01,Not Available,Not Available,77.65,77.65,Not Available,Not Available,Not Available,Not Available,1.743,Not Available,0.028,1.771,1.771
1984-03-01,Not Available,Not Available,83.005,83.005,Not Available,Not Available,Not Available,Not Available,1.863,Not Available,0.03,1.893,1.893
1984-04-01,Not Available,Not Available,80.328,80.328,Not Available,Not Available,Not Available,Not Available,1.803,Not Available,0.029,1.832,1.832
1984-05-01,Not Available,Not Available,83.005,83.005,Not Available,Not Available,Not Available,Not Available,1.863,Not Available,0.03,1.893,1.893
1984-06-01,Not Available,Not Available,80.328,80.328,Not Available,Not Available,Not Available,Not Available,1.803,Not Available,0.029,1.832,1.832
1984-07-01,Not Available,Not Available,83.005,83.005,Not Available,Not Available,Not Available,Not Available,1.863,Not Available,0.03,1.893,1.893
1984-08-01,Not Available,Not Available,83.005,83.005,Not Available,Not Available,Not Available,Not Available,1.863,Not Available,0.03,1.893,1.893
1984-09-01,Not Available,Not Available,80.328,80.328,Not Available,Not Available,Not Available,Not Available,1.803,Not Available,0.029,1.832,1.832
1984-10-01,Not Available,Not Available,83.005,83.005,Not Available,Not Available,Not Available,Not Available,1.863,Not Available,0.03,1.893,1.893
1984-11-01,Not Available,Not Available,80.328,80.328,Not Available,Not Available,Not Available,Not Available,1.803,Not Available,0.029,1.832,1.832
1984-12-01,Not Available,Not Available,83.005,83.005,Not Available,Not Available,Not Available,Not Available,1.863,Not Available,0.03,1.893,1.893
1985-01-01,Not Available,Not Available,85.781,85.781,Not Available,Not Available,Not Available,Not Available,2.038,Not Available,0.032,2.07,2.07
1985-02-01,Not Available,Not Available,77.479,77.479,Not Available,Not Available,Not Available,Not Available,1.841,Not Available,0.029,1.87,1.87
1985-03-01,Not Available,Not Available,85.781,85.781,Not Available,Not Available,Not Available,Not Available,2.038,Not Available,0.032,2.07,2.07
1985-04-01,Not Available,Not Available,83.014,83.014,Not Available,Not Available,Not Available,Not Available,1.973,Not Available,0.031,2.003,2.003
1985-05-01,Not Available,Not Available,85.781,85.781,Not Available,Not Available,Not Available,Not Available,2.038,Not Available,0.032,2.07,2.07
1985-06-01,Not Available,Not Available,83.014,83.014,Not Available,Not Available,Not Available,Not Available,1.973,Not Available,0.031,2.003,2.003
1985-07-01,Not Available,Not Available,85.781,85.781,Not Available,Not Available,Not Available,Not Available,2.038,Not Available,0.032,2.07,2.07
1985-08-01,Not Available,Not Available,85.781,85.781,Not Available,Not Available,Not Available,Not Available,2.038,Not Available,0.032,2.07,2.07
1985-09-01,Not Available,Not Available,83.014,83.014,Not Available,Not Available,Not Available,Not Available,1.973,Not Available,0.031,2.003,2.003
1985-10-01,Not Available,Not Available,85.781,85.781,Not Available,Not Available,Not Available,Not Available,2.038,Not Available,0.032,2.07,2.07
1985-11-01,Not Available,Not Available,83.014,83.014,Not Available,Not Available,Not Available,Not Available,1.973,Not Available,0.031,2.003,2.003
1985-12-01,Not Available,Not Available,85.781,85.781,Not Available,Not Available,Not Available,Not Available,2.038,Not Available,0.032,2.07,2.07
1986-01-01,Not Available,Not Available,78.137,78.137,Not Available,Not Available,Not Available,Not Available,2.293,Not Available,0.039,2.333,2.333
1986-02-01,Not Available,Not Available,70.575,70.575,Not Available,Not Available,Not Available,Not Available,2.071,Not Available,0.036,2.107,2.107
1986-03-01,Not Available,Not Available,78.137,78.137,Not Available,Not Available,Not Available,Not Available,2.293,Not Available,0.039,2.333,2.333
1986-04-01,Not Available,Not Available,75.616,75.616,Not Available,Not Available,Not Available,Not Available,2.219,Not Available,0.038,2.257,2.257
1986-05-01,Not Available,Not Available,78.137,78.137,Not Available,Not Available,Not Available,Not Available,2.293,Not Available,0.039,2.333,2.333
1986-06-01,Not Available,Not Available,75.616,75.616,Not Available,Not Available,Not Available,Not Available,2.219,Not Available,0.038,2.257,2.257
1986-07-01,Not Available,Not Available,78.137,78.137,Not Available,Not Available,Not Available,Not Available,2.293,Not Available,0.039,2.333,2.333
1986-08-01,Not Available,Not Available,78.137,78.137,Not Available,Not Available,Not Available,Not Available,2.293,Not Available,0.039,2.333,2.333
1986-09-01,Not Available,Not Available,75.616,75.616,Not Available,Not Available,Not Available,Not Available,2.219,Not Available,0.038,2.257,2.257
1986-10-01,Not Available,Not Available,78.137,78.137,Not Available,Not Available,Not Available,Not Available,2.293,Not Available,0.039,2.333,2.333
1986-11-01,Not Available,Not Available,75.616,75.616,Not Available,Not Available,Not Available,Not Available,2.219,Not Available,0.038,2.257,2.257
1986-12-01,Not Available,Not Available,78.137,78.137,Not Available,Not Available,Not Available,Not Available,2.293,Not Available,0.039,2.333,2.333
1987-01-01,Not Available,Not Available,72.192,72.192,Not Available,Not Available,Not Available,Not Available,2.463,Not Available,0.046,2.509,2.509
1987-02-01,Not Available,Not Available,65.205,65.205,Not Available,Not Available,Not Available,Not Available,2.225,Not Available,0.042,2.266,2.266
1987-03-01,Not Available,Not Available,72.192,72.192,Not Available,Not Available,Not Available,Not Available,2.463,Not Available,0.046,2.509,2.509
1987-04-01,Not Available,Not Available,69.863,69.863,Not Available,Not Available,Not Available,Not Available,2.384,Not Available,0.045,2.428,2.428
1987-05-01,Not Available,Not Available,72.192,72.192,Not Available,Not Available,Not Available,Not Available,2.463,Not Available,0.046,2.509,2.509
1987-06-01,Not Available,Not Available,69.863,69.863,Not Available,Not Available,Not Available,Not Available,2.384,Not Available,0.045,2.428,2.428
1987-07-01,Not Available,Not Available,72.192,72.192,Not Available,Not Available,Not Available,Not Available,2.463,Not Available,0.046,2.509,2.509
1987-08-01,Not Available,Not Available,72.192,72.192,Not Available,Not Available,Not Available,Not Available,2.463,Not Available,0.046,2.509,2.509
1987-09-01,Not Available,Not Available,69.863,69.863,Not Available,Not Available,Not Available,Not Available,2.384,Not Available,0.045,2.428,2.428
1987-10-01,Not Available,Not Available,72.192,72.192,Not Available,Not Available,Not Available,Not Available,2.463,Not Available,0.046,2.509,2.509
1987-11-01,Not Available,Not Available,69.863,69.863,Not Available,Not Available,Not Available,Not Available,2.384,Not Available,0.045,2.428,2.428
1987-12-01,Not Available,Not Available,72.192,72.192,Not Available,Not Available,Not Available,Not Available,2.463,Not Available,0.046,2.509,2.509
1988-01-01,Not Available,Not Available,77.077,77.077,Not Available,Not Available,Not Available,Not Available,2.71,Not Available,0.045,2.756,2.756
1988-02-01,Not Available,Not Available,72.104,72.104,Not Available,Not Available,Not Available,Not Available,2.536,Not Available,0.043,2.578,2.578
1988-03-01,Not Available,Not Available,77.077,77.077,Not Available,Not Available,Not Available,Not Available,2.71,Not Available,0.045,2.756,2.756
1988-04-01,Not Available,Not Available,74.59,74.59,Not Available,Not Available,Not Available,Not Available,2.623,Not Available,0.044,2.667,2.667
1988-05-01,Not Available,Not Available,77.077,77.077,Not Available,Not Available,Not Available,Not Available,2.71,Not Available,0.045,2.756,2.756
1988-06-01,Not Available,Not Available,74.59,74.59,Not Available,Not Available,Not Available,Not Available,2.623,Not Available,0.044,2.667,2.667
1988-07-01,Not Available,Not Available,77.077,77.077,Not Available,Not Available,Not Available,Not Available,2.71,Not Available,0.045,2.756,2.756
1988-08-01,Not Available,Not Available,77.077,77.077,Not Available,Not Available,Not Available,Not Available,2.71,Not Available,0.045,2.756,2.756
1988-09-01,Not Available,Not Available,74.59,74.59,Not Available,Not Available,Not Available,Not Available,2.623,Not Available,0.044,2.667,2.667
1988-10-01,Not Available,Not Available,77.077,77.077,Not Available,Not Available,Not Available,Not Available,2.71,Not Available,0.045,2.756,2.756
1988-11-01,Not Available,Not Available,74.59,74.59,Not Available,Not Available,Not Available,Not Available,2.623,Not Available,0.044,2.667,2.667
1988-12-01,Not Available,Not Available,77.077,77.077,Not Available,Not Available,Not Available,Not Available,2.71,Not Available,0.045,2.756,2.756
1989-01-01,0.425,2.794,78.137,81.356,0.018,0.212,0.003,No Data Reported,6.503,1.245,0.043,7.791,8.023
1989-02-01,0.384,3.012,70.575,73.971,0.016,0.192,0.003,No Data Reported,5.878,1.204,0.039,7.121,7.331
1989-03-01,0.425,4.15,78.137,82.712,0.019,0.212,0.004,No Data Reported,6.513,0.815,0.043,7.371,7.606
1989-04-01,0.411,4.574,75.616,80.602,0.02,0.205,0.004,No Data Reported,6.283,1.134,0.041,7.458,7.689
1989-05-01,0.425,5.05,78.137,83.611,0.024,0.212,0.005,No Data Reported,6.445,1.842,0.043,8.33,8.571
1989-06-01,0.411,5.095,75.616,81.123,0.022,0.205,0.005,No Data Reported,6.264,1.875,0.041,8.181,8.413
1989-07-01,0.425,5.349,78.137,83.91,0.019,0.212,0.005,No Data Reported,6.477,2.238,0.043,8.757,8.994
1989-08-01,0.425,5.293,78.137,83.855,0.017,0.212,0.005,No Data Reported,6.508,2.119,0.043,8.67,8.905
1989-09-01,0.411,4.828,75.616,80.855,0.016,0.205,0.005,No Data Reported,6.287,2.38,0.041,8.708,8.934
1989-10-01,0.425,4.4,78.137,82.962,0.017,0.212,0.004,No Data Reported,6.502,2.478,0.043,9.022,9.255
1989-11-01,0.411,3.609,75.616,79.637,0.018,0.205,0.003,No Data Reported,6.308,2.482,0.041,8.831,9.058
1989-12-01,0.425,3.426,78.137,81.988,0.018,0.212,0.003,No Data Reported,6.518,2.184,0.043,8.745,8.979
1990-01-01,0.467,2.96,49.26,52.688,0.039,0.238,0.003,No Data Reported,5.592,2.272,0.042,7.906,8.186
1990-02-01,0.422,3.191,44.493,48.106,0.04,0.215,0.003,No Data Reported,5.071,2.101,0.038,7.211,7.469
1990-03-01,0.467,4.397,49.26,54.124,0.046,0.238,0.004,No Data Reported,5.603,2.424,0.042,8.069,8.357
1990-04-01,0.452,4.846,47.671,52.969,0.043,0.23,0.005,No Data Reported,5.417,2.263,0.041,7.721,7.999
1990-05-01,0.467,5.349,49.26,55.077,0.045,0.238,0.005,No Data Reported,5.547,2.275,0.042,7.863,8.152
1990-06-01,0.452,5.398,47.671,53.521,0.046,0.23,0.005,No Data Reported,5.322,2.385,0.041,7.748,8.03
1990-07-01,0.467,5.666,49.26,55.394,0.04,0.238,0.006,No Data Reported,5.563,2.252,0.042,7.858,8.141
1990-08-01,0.467,5.607,49.26,55.335,0.036,0.238,0.006,No Data Reported,5.606,2.37,0.042,8.018,8.297
1990-09-01,0.452,5.114,47.671,53.238,0.029,0.23,0.005,No Data Reported,5.427,2.41,0.041,7.877,8.141
1990-10-01,0.467,4.661,49.26,54.389,0.031,0.238,0.005,No Data Reported,5.587,2.461,0.042,8.09,8.364
1990-11-01,0.452,3.823,47.671,51.947,0.034,0.23,0.004,No Data Reported,5.395,2.279,0.041,7.715,7.983
1990-12-01,0.467,3.629,49.26,53.357,0.041,0.238,0.004,No Data Reported,5.607,2.272,0.042,7.922,8.204
1991-01-01,0.501,3.053,51.808,55.362,0.042,0.255,0.003,No Data Reported,5.87,2.208,0.038,8.116,8.415
1991-02-01,0.453,3.291,46.795,50.538,0.036,0.23,0.004,No Data Reported,5.236,1.977,0.034,7.247,7.517
1991-03-01,0.501,4.534,51.808,56.844,0.042,0.255,0.005,No Data Reported,5.775,2.28,0.038,8.093,8.394
1991-04-01,0.485,4.998,50.137,55.619,0.042,0.247,0.005,No Data Reported,5.558,2.308,0.036,7.901,8.195
1991-05-01,0.501,5.517,51.808,57.826,0.046,0.255,0.006,No Data Reported,5.759,2.436,0.038,8.232,8.539
1991-06-01,0.485,5.567,50.137,56.189,0.042,0.247,0.006,No Data Reported,5.591,2.288,0.036,7.915,8.209
1991-07-01,0.501,5.844,51.808,58.153,0.039,0.255,0.006,No Data Reported,5.77,2.125,0.038,7.933,8.234
1991-08-01,0.501,5.783,51.808,58.093,0.035,0.255,0.006,No Data Reported,5.836,2.316,0.038,8.189,8.486
1991-09-01,0.485,5.275,50.137,55.897,0.03,0.247,0.006,No Data Reported,5.691,2.198,0.036,7.925,8.208
1991-10-01,0.501,4.807,51.808,57.117,0.029,0.255,0.005,No Data Reported,5.84,1.979,0.038,7.857,8.146
1991-11-01,0.485,3.943,50.137,54.565,0.03,0.247,0.004,No Data Reported,5.646,2.248,0.036,7.93,8.211
1991-12-01,0.501,3.743,51.808,56.052,0.036,0.255,0.004,No Data Reported,5.868,2.122,0.038,8.027,8.322
1992-01-01,0.542,3.162,54.208,57.912,0.038,0.271,0.004,No Data Reported,6.146,2.906,0.039,9.091,9.403
1992-02-01,0.507,3.409,50.71,54.626,0.031,0.254,0.004,No Data Reported,5.701,2.803,0.037,8.54,8.829
1992-03-01,0.542,4.697,54.208,59.446,0.038,0.271,0.005,No Data Reported,6.06,2.674,0.039,8.773,9.088
1992-04-01,0.525,5.176,52.459,58.16,0.034,0.262,0.006,No Data Reported,5.862,2.368,0.038,8.268,8.57
1992-05-01,0.542,5.715,54.208,60.464,0.039,0.271,0.007,No Data Reported,6.009,2.911,0.039,8.959,9.275
1992-06-01,0.525,5.766,52.459,58.75,0.039,0.262,0.007,No Data Reported,5.887,2.794,0.038,8.719,9.027
1992-07-01,0.542,6.053,54.208,60.803,0.034,0.271,0.007,No Data Reported,6.101,2.902,0.039,9.042,9.354
1992-08-01,0.542,5.99,54.208,60.74,0.032,0.271,0.007,No Data Reported,6.132,2.851,0.039,9.022,9.332
1992-09-01,0.525,5.463,52.459,58.447,0.029,0.262,0.006,No Data Reported,5.919,2.79,0.038,8.747,9.045
1992-10-01,0.542,4.979,54.208,59.729,0.029,0.271,0.006,No Data Reported,6.136,2.566,0.039,8.742,9.048
1992-11-01,0.525,4.085,52.459,57.068,0.034,0.262,0.005,No Data Reported,5.951,1.99,0.038,7.979,8.28
1992-12-01,0.542,3.877,54.208,58.627,0.041,0.271,0.004,No Data Reported,6.122,2.898,0.039,9.06,9.377
1993-01-01,0.578,3.251,46.712,50.541,0.032,0.289,0.004,No Data Reported,6.45,3.412,0.015,9.877,10.202
1993-02-01,0.522,3.505,42.192,46.218,0.026,0.261,0.004,No Data Reported,5.824,2.64,0.015,8.479,8.77
1993-03-01,0.578,4.829,46.712,52.119,0.03,0.289,0.006,No Data Reported,6.435,3.341,0.018,9.794,10.118
1993-04-01,0.559,5.322,45.205,51.086,0.032,0.279,0.007,No Data Reported,6.2,2.434,0.015,8.65,8.968
1993-05-01,0.578,5.875,46.712,53.165,0.037,0.289,0.007,No Data Reported,6.349,2.816,0.015,9.179,9.513
1993-06-01,0.559,5.928,45.205,51.692,0.034,0.279,0.007,No Data Reported,6.153,2.859,0.015,9.027,9.348
1993-07-01,0.578,6.223,46.712,53.513,0.03,0.289,0.008,No Data Reported,6.374,2.743,0.016,9.133,9.46
1993-08-01,0.578,6.159,46.712,53.448,0.025,0.289,0.008,No Data Reported,6.453,2.28,0.012,8.746,9.068
1993-09-01,0.559,5.617,45.205,51.381,0.022,0.279,0.007,No Data Reported,6.23,2.789,0.016,9.035,9.344
1993-10-01,0.578,5.119,46.712,52.409,0.022,0.289,0.006,No Data Reported,6.436,2.757,0.017,9.21,9.527
1993-11-01,0.559,4.199,45.205,49.964,0.023,0.279,0.005,No Data Reported,6.247,2.573,0.021,8.841,9.148
1993-12-01,0.578,3.986,46.712,51.276,0.027,0.289,0.005,No Data Reported,6.444,2.75,0.02,9.214,9.535
1994-01-01,0.527,3.34,44.164,48.031,0.026,0.357,0.005,No Data Reported,6.135,2.298,0.018,8.451,8.838
1994-02-01,0.476,3.6,39.89,43.966,0.025,0.322,0.005,No Data Reported,5.514,2.429,0.014,7.956,8.308
1994-03-01,0.527,4.96,44.164,49.651,0.029,0.357,0.007,No Data Reported,6.095,2.865,0.016,8.976,9.368
1994-04-01,0.51,5.467,42.74,48.716,0.03,0.345,0.007,No Data Reported,5.888,2.567,0.014,8.469,8.852
1994-05-01,0.527,6.035,44.164,50.726,0.032,0.357,0.008,No Data Reported,6.047,3.159,0.015,9.22,9.616
1994-06-01,0.51,6.09,42.74,49.339,0.03,0.345,0.008,No Data Reported,5.867,3.088,0.013,8.968,9.352
1994-07-01,0.527,6.393,44.164,51.084,0.028,0.357,0.009,No Data Reported,6.106,2.905,0.014,9.025,9.418
1994-08-01,0.527,6.326,44.164,51.017,0.025,0.357,0.009,No Data Reported,6.088,2.859,0.015,8.962,9.352
1994-09-01,0.51,5.77,42.74,49.019,0.02,0.345,0.008,No Data Reported,5.886,2.636,0.012,8.535,8.908
1994-10-01,0.527,5.259,44.164,49.95,0.021,0.357,0.007,No Data Reported,6.1,3.147,0.018,9.266,9.651
1994-11-01,0.51,4.314,42.74,47.563,0.023,0.345,0.006,No Data Reported,5.9,3.09,0.017,9.007,9.381
1994-12-01,0.527,4.095,44.164,48.786,0.027,0.357,0.006,No Data Reported,6.089,3.48,0.019,9.587,9.977
1995-01-01,0.561,3.39,44.164,48.115,0.032,0.382,0.005,No Data Reported,6.132,3.222,0.011,9.365,9.784
1995-02-01,0.506,3.655,39.89,44.051,0.033,0.345,0.006,No Data Reported,5.528,2.791,0.01,8.33,8.713
1995-03-01,0.561,5.036,44.164,49.761,0.037,0.382,0.008,No Data Reported,6.132,2.829,0.013,8.974,9.401
1995-04-01,0.542,5.55,42.74,48.832,0.032,0.37,0.008,No Data Reported,5.955,3.749,0.012,9.716,10.126
1995-05-01,0.561,6.127,44.164,50.852,0.036,0.382,0.009,No Data Reported,6.126,2.385,0.01,8.521,8.948
1995-06-01,0.542,6.182,42.74,49.464,0.039,0.37,0.009,No Data Reported,5.925,3.508,0.013,9.445,9.864
1995-07-01,0.561,6.49,44.164,51.215,0.036,0.382,0.01,No Data Reported,6.173,3.384,0.009,9.567,9.995
1995-08-01,0.561,6.423,44.164,51.147,0.032,0.382,0.01,No Data Reported,6.178,3.585,0.008,9.771,10.195
1995-09-01,0.542,5.858,42.74,49.14,0.026,0.37,0.009,No Data Reported,5.96,3.499,0.01,9.469,9.874
1995-10-01,0.561,5.339,44.164,50.064,0.03,0.382,0.008,No Data Reported,6.168,3.811,0.014,9.993,10.413
1995-11-01,0.542,4.379,42.74,47.661,0.033,0.37,0.007,No Data Reported,5.956,3.882,0.016,9.854,10.264
1995-12-01,0.561,4.157,44.164,48.882,0.038,0.382,0.006,No Data Reported,6.145,3.554,0.013,9.712,10.139
1996-01-01,0.593,3.421,45.738,49.751,0.038,0.449,0.006,No Data Reported,6.42,3.449,0.018,9.886,10.379
1996-02-01,0.555,3.687,42.787,47.029,0.039,0.42,0.006,No Data Reported,5.968,3.933,0.016,9.916,10.382
1996-03-01,0.593,5.08,45.738,51.411,0.042,0.449,0.009,No Data Reported,6.397,4.421,0.015,10.834,11.334
1996-04-01,0.574,5.599,44.262,50.435,0.039,0.434,0.01,No Data Reported,6.144,3.902,0.012,10.058,10.541
1996-05-01,0.593,6.181,45.738,52.512,0.041,0.449,0.011,No Data Reported,6.374,4.024,0.011,10.409,10.91
1996-06-01,0.574,6.237,44.262,51.073,0.039,0.434,0.011,No Data Reported,6.199,4.737,0.008,10.944,11.429
1996-07-01,0.593,6.547,45.738,52.878,0.036,0.449,0.011,No Data Reported,6.426,5.062,0.007,11.496,11.992
1996-08-01,0.593,6.479,45.738,52.81,0.032,0.449,0.011,No Data Reported,6.45,3.829,0.009,10.289,10.781
1996-09-01,0.574,5.91,44.262,50.746,0.027,0.434,0.01,No Data Reported,6.204,4.502,0.009,10.715,11.187
1996-10-01,0.593,5.386,45.738,51.717,0.028,0.449,0.009,No Data Reported,6.45,5.247,0.012,11.709,12.195
1996-11-01,0.574,4.418,44.262,49.254,0.029,0.434,0.008,No Data Reported,6.238,4.86,0.014,11.112,11.584
1996-12-01,0.593,4.194,45.738,50.524,0.037,0.449,0.007,No Data Reported,6.398,5.06,0.013,11.472,11.965
1997-01-01,0.637,3.374,36.521,40.531,0.038,0.484,0.007,No Data Reported,6.258,4.156,0.021,10.436,10.964
1997-02-01,0.575,3.637,32.986,37.199,0.036,0.437,0.007,No Data Reported,5.613,4.5,0.023,10.136,10.617
1997-03-01,0.637,5.011,36.521,42.169,0.04,0.484,0.01,No Data Reported,6.219,4.498,0.025,10.742,11.276
1997-04-01,0.616,5.523,35.342,41.482,0.037,0.468,0.011,No Data Reported,6.025,5.116,0.022,11.163,11.679
1997-05-01,0.637,6.097,36.521,43.255,0.039,0.484,0.012,No Data Reported,6.232,5.299,0.023,11.554,12.089
1997-06-01,0.616,6.152,35.342,42.111,0.04,0.468,0.012,No Data Reported,6.001,4.777,0.019,10.797,11.318
1997-07-01,0.637,6.458,36.521,43.616,0.036,0.484,0.013,No Data Reported,6.225,4.974,0.026,11.226,11.759
1997-08-01,0.637,6.391,36.521,43.549,0.031,0.484,0.013,No Data Reported,6.237,5.027,0.02,11.284,11.811
1997-09-01,0.616,5.829,35.342,41.788,0.027,0.468,0.011,No Data Reported,6.029,4.293,0.023,10.345,10.852
1997-10-01,0.637,5.313,36.521,42.47,0.028,0.484,0.01,No Data Reported,6.286,5.101,0.031,11.418,11.941
1997-11-01,0.616,4.358,35.342,40.317,0.027,0.468,0.009,No Data Reported,6.044,4.826,0.025,10.895,11.399
1997-12-01,0.637,4.137,36.521,41.294,0.03,0.484,0.008,No Data Reported,6.217,5.039,0.032,11.289,11.811
1998-01-01,0.654,3.336,32.274,36.264,0.037,0.603,0.007,No Data Reported,5.476,3.873,0.027,9.376,10.023
1998-02-01,0.591,3.596,29.151,33.337,0.038,0.545,0.008,No Data Reported,4.9,3.915,0.022,8.836,9.427
1998-03-01,0.654,4.954,32.274,37.882,0.04,0.603,0.011,No Data Reported,5.43,4.614,0.025,10.068,10.723
1998-04-01,0.633,5.46,31.233,37.326,0.036,0.584,0.012,No Data Reported,5.26,4.52,0.021,9.801,10.434
1998-05-01,0.654,6.028,32.274,38.956,0.042,0.603,0.014,No Data Reported,5.438,4.977,0.019,10.434,11.093
1998-06-01,0.633,6.082,31.233,37.948,0.041,0.584,0.014,No Data Reported,5.201,4.02,0.021,9.242,9.88
1998-07-01,0.654,6.385,32.274,39.313,0.036,0.603,0.014,No Data Reported,5.436,4.611,0.022,10.068,10.722
1998-08-01,0.654,6.319,32.274,39.246,0.032,0.603,0.014,No Data Reported,5.444,4.62,0.023,10.088,10.737
1998-09-01,0.633,5.763,31.233,37.629,0.026,0.584,0.013,No Data Reported,5.27,4.446,0.024,9.739,10.362
1998-10-01,0.654,5.252,32.274,38.18,0.024,0.603,0.012,No Data Reported,5.457,4.896,0.027,10.379,11.018
1998-11-01,0.633,4.308,31.233,36.174,0.025,0.584,0.01,No Data Reported,5.252,4.024,0.024,9.3,9.919
1998-12-01,0.654,4.09,32.274,37.018,0.032,0.603,0.009,No Data Reported,5.453,5.645,0.031,11.128,11.773
1999-01-01,0.722,3.257,33.123,37.102,0.036,0.569,0.009,No Data Reported,5.675,4.071,0.018,9.765,10.379
1999-02-01,0.652,3.511,29.918,34.081,0.035,0.514,0.009,No Data Reported,5.105,4.316,0.015,9.436,9.995
1999-03-01,0.722,4.838,33.123,38.683,0.039,0.569,0.013,No Data Reported,5.63,4.403,0.017,10.05,10.671
1999-04-01,0.699,5.332,32.055,38.085,0.033,0.551,0.014,No Data Reported,5.477,4.814,0.015,10.306,10.904
1999-05-01,0.722,5.886,33.123,39.731,0.036,0.569,0.016,No Data Reported,5.684,5.096,0.015,10.795,11.415
1999-06-01,0.699,5.939,32.055,38.692,0.037,0.551,0.016,No Data Reported,5.47,4.897,0.017,10.383,10.987
1999-07-01,0.722,6.235,33.123,40.08,0.036,0.569,0.017,No Data Reported,5.67,4.604,0.014,10.289,10.911
1999-08-01,0.722,6.17,33.123,40.015,0.031,0.569,0.017,No Data Reported,5.665,4.324,0.017,10.006,10.623
1999-09-01,0.699,5.627,32.055,38.381,0.026,0.551,0.015,No Data Reported,5.476,4.427,0.017,9.919,10.511
1999-10-01,0.722,5.129,33.123,38.974,0.024,0.569,0.014,No Data Reported,5.641,4.398,0.021,10.06,10.667
1999-11-01,0.699,4.207,32.055,36.96,0.026,0.551,0.011,No Data Reported,5.483,4.352,0.021,9.856,10.444
1999-12-01,0.722,3.993,33.123,37.839,0.031,0.569,0.011,No Data Reported,5.646,4.215,0.024,9.884,10.494
2000-01-01,0.728,3.112,35.574,39.414,0.031,0.644,0.01,No Data Reported,6.025,3.856,0.032,9.913,10.598
2000-02-01,0.681,3.354,33.279,37.315,0.028,0.602,0.011,No Data Reported,5.668,4.001,0.026,9.696,10.336
2000-03-01,0.728,4.622,35.574,40.924,0.033,0.644,0.015,No Data Reported,6.057,4.56,0.032,10.65,11.341
2000-04-01,0.705,5.094,34.426,40.225,0.035,0.623,0.016,No Data Reported,5.86,4.544,0.028,10.431,11.106
2000-05-01,0.728,5.623,35.574,41.926,0.034,0.644,0.018,No Data Reported,6.047,4.879,0.032,10.957,11.653
2000-06-01,0.705,5.674,34.426,40.805,0.031,0.623,0.018,No Data Reported,5.842,3.926,0.024,9.792,10.464
2000-07-01,0.728,5.957,35.574,42.259,0.03,0.644,0.019,No Data Reported,6.053,4.105,0.03,10.188,10.88
2000-08-01,0.728,5.895,35.574,42.197,0.027,0.644,0.019,No Data Reported,6.056,3.93,0.033,10.019,10.708
2000-09-01,0.705,5.376,34.426,40.508,0.022,0.623,0.017,No Data Reported,5.854,3.752,0.03,9.636,10.298
2000-10-01,0.728,4.9,35.574,41.202,0.021,0.644,0.016,No Data Reported,6.067,4.046,0.036,10.149,10.829
2000-11-01,0.705,4.019,34.426,39.151,0.024,0.623,0.013,No Data Reported,5.872,3.728,0.036,9.635,10.295
2000-12-01,0.728,3.815,35.574,40.118,0.024,0.644,0.012,No Data Reported,6.068,1.93,0.038,8.035,8.715
2001-01-01,0.803,2.971,31.425,35.198,0.021,0.702,0.012,No Data Reported,5.684,2.006,0.033,7.722,8.457
2001-02-01,0.725,3.203,28.384,32.311,0.02,0.634,0.013,No Data Reported,5.125,1.872,0.027,7.024,7.692
2001-03-01,0.803,4.413,31.425,36.64,0.022,0.702,0.018,No Data Reported,5.691,1.928,0.029,7.647,8.389
2001-04-01,0.777,4.864,30.411,36.051,0.025,0.68,0.02,No Data Reported,5.462,1.955,0.024,7.441,8.165
2001-05-01,0.803,5.369,31.425,37.597,0.024,0.702,0.022,No Data Reported,5.667,2.022,0.025,7.713,8.461
2001-06-01,0.777,5.418,30.411,36.605,0.024,0.68,0.022,No Data Reported,5.493,2.147,0.019,7.658,8.384
2001-07-01,0.803,5.687,31.425,37.915,0.018,0.702,0.023,No Data Reported,5.678,2.272,0.033,7.982,8.726
2001-08-01,0.803,5.628,31.425,37.856,0.015,0.702,0.023,No Data Reported,5.673,2.265,0.023,7.96,8.701
2001-09-01,0.777,5.133,30.411,36.321,0.013,0.68,0.021,No Data Reported,5.486,2.096,0.026,7.608,8.321
2001-10-01,0.803,4.679,31.425,36.906,0.013,0.702,0.019,No Data Reported,5.663,1.97,0.035,7.668,8.402
2001-11-01,0.777,3.838,30.411,35.025,0.013,0.68,0.015,No Data Reported,5.483,1.839,0.028,7.351,8.059
2001-12-01,0.803,3.643,31.425,35.87,0.018,0.702,0.015,No Data Reported,5.686,2.172,0.028,7.886,8.621
2002-01-01,0.867,2.867,32.274,36.007,0.002,0.743,0.014,No Data Reported,5.847,1.858,0.035,7.739,8.499
2002-02-01,0.783,3.09,29.151,33.024,0.004,0.671,0.015,No Data Reported,5.266,1.687,0.033,6.986,7.676
2002-03-01,0.867,4.258,32.274,37.398,0.004,0.743,0.021,No Data Reported,5.834,1.913,0.028,7.775,8.543
2002-04-01,0.839,4.692,31.233,36.764,0.003,0.719,0.023,No Data Reported,5.646,1.975,0.034,7.654,8.4
2002-05-01,0.867,5.18,32.274,38.321,0.003,0.743,0.026,No Data Reported,5.811,2.285,0.036,8.132,8.904
2002-06-01,0.839,5.227,31.233,37.299,0.004,0.719,0.026,No Data Reported,5.628,2.307,0.033,7.967,8.717
2002-07-01,0.867,5.487,32.274,38.628,0.004,0.743,0.027,No Data Reported,5.866,2.491,0.038,8.395,9.17
2002-08-01,0.867,5.43,32.274,38.571,0.004,0.743,0.027,No Data Reported,5.854,2.551,0.038,8.443,9.217
2002-09-01,0.839,4.953,31.233,37.024,0.004,0.719,0.024,No Data Reported,5.646,2.353,0.038,8.037,8.785
2002-10-01,0.867,4.514,32.274,37.654,0.003,0.743,0.022,No Data Reported,5.816,2.306,0.046,8.167,8.937
2002-11-01,0.839,3.703,31.233,35.774,0.004,0.719,0.018,No Data Reported,5.622,2.244,0.052,7.918,8.66
2002-12-01,0.867,3.515,32.274,36.655,0.004,0.743,0.017,No Data Reported,5.824,1.907,0.049,7.78,8.545
2003-01-01,1.104,2.783,33.973,37.86,0.02,0.934,0.017,No Data Reported,6.079,2.456,0.059,8.594,9.564
2003-02-01,0.997,3,30.685,34.682,0.018,0.844,0.018,No Data Reported,5.486,2.116,0.07,7.672,8.552
2003-03-01,1.104,4.134,33.973,39.21,0.021,0.934,0.025,No Data Reported,6.061,2.404,0.059,8.524,9.505
2003-04-01,1.068,4.556,32.877,38.501,0.022,0.904,0.027,No Data Reported,5.858,2.405,0.067,8.329,9.282
2003-05-01,1.104,5.03,33.973,40.106,0.022,0.934,0.03,No Data Reported,6.05,2.526,0.067,8.643,9.63
2003-06-01,1.068,5.075,32.877,39.02,0.023,0.904,0.03,No Data Reported,5.868,2.459,0.064,8.391,9.348
2003-07-01,1.104,5.327,33.973,40.404,0.022,0.934,0.032,No Data Reported,6.074,2.582,0.065,8.721,9.709
2003-08-01,1.104,5.272,33.973,40.349,0.021,0.934,0.031,No Data Reported,6.08,2.537,0.071,8.688,9.674
2003-09-01,1.068,4.809,32.877,38.754,0.017,0.904,0.029,No Data Reported,5.871,2.305,0.063,8.239,9.189
2003-10-01,1.104,4.382,33.973,39.459,0.019,0.934,0.026,No Data Reported,6.064,2.376,0.072,8.512,9.491
2003-11-01,1.068,3.595,32.877,37.54,0.02,0.904,0.021,No Data Reported,5.872,2.266,0.081,8.219,9.164
2003-12-01,1.104,3.412,33.973,38.489,0.022,0.934,0.02,No Data Reported,6.073,2.594,0.085,8.752,9.729
2004-01-01,1.186,2.741,34.727,38.654,0.017,1.016,0.02,No Data Reported,5.994,2.788,0.061,8.843,9.897
2004-02-01,1.109,2.955,32.486,36.55,0.029,0.951,0.022,No Data Reported,5.614,2.621,0.06,8.295,9.297
2004-03-01,1.186,4.071,34.727,39.984,0.043,1.016,0.03,No Data Reported,5.958,2.736,0.06,8.754,9.843
2004-04-01,1.148,4.487,33.607,39.241,0.043,0.984,0.034,No Data Reported,5.771,2.877,0.061,8.709,9.769
2004-05-01,1.186,4.953,34.727,40.866,0.045,1.016,0.037,No Data Reported,5.912,2.974,0.063,8.949,10.048
2004-06-01,1.148,4.998,33.607,39.752,0.037,0.984,0.037,No Data Reported,5.703,2.959,0.066,8.728,9.786
2004-07-01,1.186,5.247,34.727,41.159,0.017,1.016,0.039,No Data Reported,5.903,3.004,0.061,8.967,10.04
2004-08-01,1.186,5.192,34.727,41.105,0.014,1.016,0.039,No Data Reported,5.942,2.949,0.062,8.953,10.022
2004-09-01,1.148,4.736,33.607,39.49,0.017,0.984,0.035,No Data Reported,5.754,2.797,0.063,8.614,9.65
2004-10-01,1.186,4.316,34.727,40.229,0.025,1.016,0.032,No Data Reported,5.983,2.713,0.066,8.761,9.835
2004-11-01,1.148,3.54,33.607,38.294,0.03,0.984,0.026,No Data Reported,5.81,2.856,0.064,8.73,9.77
2004-12-01,1.186,3.361,34.727,39.273,0.042,1.016,0.025,No Data Reported,5.984,2.962,0.069,9.015,10.099
2005-01-01,1.35,2.674,36.521,40.545,0.038,1.155,0.031,No Data Reported,5.945,2.876,0.07,8.891,10.115
2005-02-01,1.22,2.883,32.986,37.089,0.037,1.043,0.033,No Data Reported,5.468,2.616,0.061,8.145,9.259
2005-03-01,1.35,3.972,36.521,41.843,0.028,1.155,0.046,No Data Reported,5.938,2.885,0.067,8.89,10.119
2005-04-01,1.307,4.378,35.342,41.027,0.042,1.118,0.05,No Data Reported,5.719,2.668,0.063,8.45,9.66
2005-05-01,1.35,4.833,36.521,42.704,0.043,1.155,0.056,No Data Reported,5.947,2.958,0.069,8.974,10.228
2005-06-01,1.307,4.877,35.342,41.526,0.023,1.118,0.056,No Data Reported,5.734,3.056,0.075,8.865,10.062
2005-07-01,1.35,5.119,36.521,42.99,0.012,1.155,0.059,No Data Reported,5.92,3.097,0.075,9.093,10.318
2005-08-01,1.35,5.066,36.521,42.937,0.004,1.155,0.058,No Data Reported,5.945,2.938,0.08,8.963,10.18
2005-09-01,1.307,4.621,35.342,41.27,0.008,1.118,0.053,No Data Reported,5.745,2.831,0.073,8.649,9.828
2005-10-01,1.35,4.211,36.521,42.082,0.015,1.155,0.048,No Data Reported,5.931,2.62,0.08,8.63,9.849
2005-11-01,1.307,3.454,35.342,40.104,0.02,1.118,0.04,No Data Reported,5.743,2.816,0.08,8.639,9.817
2005-12-01,1.35,3.279,36.521,41.15,0.023,1.155,0.038,No Data Reported,5.96,2.888,0.086,8.933,10.149
2006-01-01,1.554,2.782,32.274,36.61,0.044,1.189,0.045,No Data Reported,5.532,3.172,0.082,8.786,10.064
2006-02-01,1.404,2.999,29.151,33.553,0.038,1.074,0.048,No Data Reported,4.998,2.923,0.076,7.996,9.157
2006-03-01,1.554,4.132,32.274,37.96,0.041,1.189,0.067,No Data Reported,5.531,2.682,0.085,8.298,9.595
2006-04-01,1.504,4.554,31.233,37.291,0.032,1.151,0.073,No Data Reported,5.346,2.936,0.088,8.37,9.626
2006-05-01,1.554,5.027,32.274,38.855,0.031,1.189,0.081,No Data Reported,5.521,3.4,0.105,9.026,10.328
2006-06-01,1.504,5.072,31.233,37.809,0.033,1.151,0.082,No Data Reported,5.345,3.05,0.117,8.512,9.777
2006-07-01,1.554,5.325,32.274,39.153,0.012,1.189,0.086,No Data Reported,5.527,3.041,0.109,8.677,9.964
2006-08-01,1.554,5.27,32.274,39.098,0.001,1.189,0.085,No Data Reported,5.536,3.047,0.114,8.697,9.972
2006-09-01,1.504,4.806,31.233,37.543,0.009,1.151,0.077,No Data Reported,5.352,2.889,0.113,8.353,9.591
2006-10-01,1.554,4.38,32.274,38.209,0.01,1.189,0.071,No Data Reported,5.53,2.984,0.12,8.635,9.905
2006-11-01,1.504,3.593,31.233,36.33,0.035,1.151,0.058,No Data Reported,5.353,3.037,0.118,8.509,9.752
2006-12-01,1.554,3.411,32.274,37.239,0.034,1.189,0.055,No Data Reported,5.534,3.149,0.124,8.807,10.084
2007-01-01,1.868,2.895,35.671,40.434,0.037,1.223,0.063,No Data Reported,5.975,2.622,0.154,8.75,10.074
2007-02-01,1.688,3.12,32.219,37.027,0.029,1.105,0.068,No Data Reported,5.388,2.235,0.14,7.764,8.966
2007-03-01,1.868,4.299,35.671,41.839,0.038,1.223,0.094,No Data Reported,5.962,2.587,0.154,8.703,10.058
2007-04-01,1.808,4.738,34.521,41.067,0.038,1.184,0.104,No Data Reported,5.746,2.524,0.146,8.415,9.741
2007-05-01,1.868,5.231,35.671,42.771,0.041,1.223,0.114,No Data Reported,5.897,2.656,0.157,8.711,10.089
2007-06-01,1.808,5.278,34.521,41.607,0.018,1.184,0.115,No Data Reported,5.703,2.609,0.159,8.471,9.788
2007-07-01,1.868,5.541,35.671,43.08,0.006,1.223,0.121,No Data Reported,5.865,2.74,0.167,8.772,10.121
2007-08-01,1.868,5.483,35.671,43.023,-0.002,1.223,0.12,No Data Reported,5.877,2.613,0.168,8.658,9.999
2007-09-01,1.808,5.001,34.521,41.33,0.003,1.184,0.109,No Data Reported,5.693,2.503,0.162,8.357,9.652
2007-10-01,1.868,4.558,35.671,42.098,0.013,1.223,0.1,No Data Reported,5.914,2.64,0.184,8.738,10.073
2007-11-01,1.808,3.739,34.521,40.068,0.018,1.184,0.082,No Data Reported,5.792,2.622,0.182,8.596,9.879
2007-12-01,1.868,3.549,35.671,41.089,0.026,1.223,0.078,No Data Reported,5.985,2.61,0.194,8.788,10.115
2008-01-01,2.236,3.026,39.809,45.071,0.017,1.254,0.102,No Data Reported,6.185,2.81,0.145,9.14,10.513
2008-02-01,2.092,3.262,37.24,42.594,0.016,1.173,0.11,No Data Reported,5.774,2.595,0.15,8.519,9.818
2008-03-01,2.236,4.494,39.809,46.539,0.034,1.254,0.151,No Data Reported,6.171,2.718,0.155,9.044,10.482
2008-04-01,2.164,4.953,38.525,45.641,0.034,1.213,0.167,No Data Reported,5.982,2.976,0.17,9.128,10.541
2008-05-01,2.236,5.468,39.809,47.513,0.02,1.254,0.184,No Data Reported,6.142,2.989,0.175,9.307,10.764
2008-06-01,2.164,5.517,38.525,46.206,0.019,1.213,0.186,No Data Reported,5.983,3.002,0.177,9.163,10.581
2008-07-01,2.236,5.792,39.809,47.837,0.017,1.254,0.195,No Data Reported,6.182,2.897,0.188,9.267,10.733
2008-08-01,2.236,5.732,39.809,47.776,0.003,1.254,0.193,No Data Reported,6.184,2.93,0.191,9.305,10.754
2008-09-01,2.164,5.228,38.525,45.916,0.006,1.213,0.176,No Data Reported,5.98,2.884,0.189,9.053,10.448
2008-10-01,2.236,4.764,39.809,46.809,0.01,1.254,0.16,No Data Reported,6.164,2.769,0.199,9.132,10.556
2008-11-01,2.164,3.908,38.525,44.597,0.011,1.213,0.131,No Data Reported,5.984,2.806,0.188,8.978,10.333
2008-12-01,2.236,3.71,39.809,45.755,0.019,1.254,0.125,No Data Reported,6.172,2.837,0.202,9.211,10.608
2009-01-01,2.786,3.055,42.805,48.647,0.03,1.418,0.137,0,6.155,2.927,0.211,9.293,10.878
2009-02-01,2.516,3.294,38.663,44.473,0.022,1.281,0.147,0,5.577,2.584,0.182,8.344,9.794
2009-03-01,2.786,4.538,42.805,50.129,0.035,1.418,0.203,0,6.19,3.094,0.211,9.494,11.151
2009-04-01,2.696,5.002,41.425,49.122,0.031,1.373,0.224,0,5.963,3.044,0.221,9.228,10.856
2009-05-01,2.786,5.521,42.805,51.113,0.029,1.418,0.247,0,6.14,3.253,0.243,9.636,11.331
2009-06-01,2.696,5.571,41.425,49.692,0.029,1.373,0.249,0,5.978,3.16,0.237,9.375,11.026
2009-07-01,2.786,5.849,42.805,51.44,0.007,1.418,0.262,0,6.149,3.169,0.253,9.571,11.259
2009-08-01,2.786,5.788,42.805,51.379,0.002,1.418,0.259,0,6.176,3.25,0.254,9.68,11.359
2009-09-01,2.696,5.279,41.425,49.399,0.003,1.373,0.236,0,5.971,2.902,0.235,9.107,10.72
2009-10-01,2.786,4.811,42.805,50.402,0.012,1.418,0.215,0,6.155,2.944,0.259,9.358,11.003
2009-11-01,2.696,3.946,41.425,48.067,0.019,1.373,0.177,0,5.966,3.008,0.255,9.229,10.798
2009-12-01,2.786,3.746,42.805,49.337,0.023,1.418,0.168,0,6.174,3.022,0.259,9.455,11.064
2010-01-01,3.125,3.197,45.908,52.23,0.021,1.571,0.209,0.004,6.083,2.969,0.256,9.308,11.114
2010-02-01,2.823,3.446,41.465,47.734,0.021,1.419,0.225,0.003,5.493,2.567,0.24,8.3,9.969
2010-03-01,3.125,4.748,45.908,53.781,0.025,1.571,0.31,0.005,6.077,3.038,0.264,9.379,11.29
2010-04-01,3.025,5.233,44.427,52.684,0.037,1.521,0.342,0.005,5.884,3.221,0.266,9.371,11.276
2010-05-01,3.125,5.777,45.908,54.81,0.04,1.571,0.378,0.005,6.079,3.599,0.282,9.959,11.953
2010-06-01,3.025,5.829,44.427,53.28,0.036,1.521,0.383,0.003,5.887,3.175,0.287,9.35,11.294
2010-07-01,3.125,6.119,45.908,55.152,0.014,1.571,0.402,0.003,6.088,3.099,0.289,9.476,11.468
2010-08-01,3.125,6.055,45.908,55.088,0.003,1.571,0.398,0.004,6.086,3.228,0.289,9.603,11.579
2010-09-01,3.025,5.523,44.427,52.974,0.005,1.521,0.363,0.004,5.886,2.947,0.273,9.105,10.998
2010-10-01,3.125,5.033,45.908,54.067,0.014,1.571,0.33,0.005,6.075,2.693,0.289,9.058,10.978
2010-11-01,3.025,4.129,44.427,51.58,0.021,1.521,0.271,0.006,5.891,2.649,0.28,8.82,10.639
2010-12-01,3.125,3.919,45.908,52.952,0.037,1.571,0.261,0.006,6.089,2.773,0.291,9.153,11.028
2011-01-01,3.363,3.371,44.526,51.261,0.007,1.673,0.349,0.01,5.881,3.346,0.229,9.456,11.496
2011-02-01,3.038,3.634,40.217,46.89,0.006,1.511,0.382,0.013,5.327,3.103,0.223,8.653,10.566
2011-03-01,3.363,5.007,44.526,52.897,0.009,1.673,0.525,0.014,5.859,3.417,0.242,9.517,11.739
2011-04-01,3.255,5.519,43.09,51.864,0.009,1.619,0.586,0.017,5.706,3.309,0.229,9.243,11.474
2011-05-01,3.363,6.093,44.526,53.982,0.009,1.673,0.648,0.016,5.861,3.631,0.25,9.742,12.088
2011-06-01,3.255,6.147,43.09,52.492,0.008,1.619,0.661,0.014,5.697,3.697,0.256,9.65,11.952
2011-07-01,3.363,6.453,44.526,54.343,0.007,1.673,0.686,0.009,5.901,3.73,0.238,9.869,12.244
2011-08-01,3.363,6.386,44.526,54.276,0.006,1.673,0.682,0.009,5.874,3.849,0.264,9.987,12.357
2011-09-01,3.255,5.825,43.09,52.17,0.006,1.619,0.616,0.011,5.665,3.574,0.231,9.47,11.722
2011-10-01,3.363,5.309,44.526,53.199,0.006,1.673,0.561,0.019,5.821,3.527,0.246,9.594,11.854
2011-11-01,3.255,4.355,43.09,50.7,0.006,1.619,0.454,0.022,5.677,3.694,0.238,9.609,11.71
2011-12-01,3.363,4.134,44.526,52.023,0.007,1.673,0.431,0.02,5.892,3.666,0.253,9.81,11.941
2012-01-01,3.354,3.59,37.106,44.051,0.01,1.669,0.578,0.02,5.138,3.777,0.2,9.115,11.392
2012-02-01,3.138,3.87,34.712,41.72,0.008,1.561,0.628,0.016,4.812,3.622,0.199,8.633,10.846
2012-03-01,3.354,5.333,37.106,45.793,0.008,1.669,0.871,0.017,5.122,3.696,0.215,9.033,11.597
2012-04-01,3.246,5.877,35.909,45.033,0.008,1.615,0.969,0.018,4.973,3.67,0.211,8.854,11.464
2012-05-01,3.354,6.488,37.106,46.949,0.01,1.669,1.078,0.015,5.118,3.817,0.225,9.16,11.932
2012-06-01,3.246,6.547,35.909,45.702,0.008,1.615,1.092,0.014,4.985,3.63,0.219,8.834,11.562
2012-07-01,3.354,6.873,37.106,47.333,0.007,1.669,1.138,0.01,5.158,3.818,0.214,9.19,12.014
2012-08-01,3.354,6.801,37.106,47.262,0.007,1.669,1.122,0.01,5.156,3.94,0.231,9.328,12.136
2012-09-01,3.246,6.203,35.909,45.359,0.006,1.615,1.037,0.012,4.966,3.764,0.202,8.932,11.603
2012-10-01,3.354,5.654,37.106,46.114,0.008,1.669,0.943,0.018,5.12,3.898,0.223,9.241,11.878
2012-11-01,3.246,4.638,35.909,43.793,0.007,1.615,0.769,0.016,4.986,3.71,0.203,8.899,11.306
2012-12-01,3.354,4.402,37.106,44.863,0.007,1.669,0.726,0.018,5.148,3.907,0.209,9.264,11.683
2013-01-01,3.363,3.885,48.551,55.799,0.013,1.673,0.79,0.021,5.956,3.811,0.207,9.974,12.472
2013-02-01,3.038,4.187,43.853,51.078,0.014,1.511,0.869,0.017,5.385,3.407,0.192,8.984,11.396
2013-03-01,3.363,5.77,48.551,57.684,0.015,1.673,1.202,0.018,5.965,3.991,0.221,10.177,13.085
2013-04-01,3.255,6.359,46.985,56.599,0.014,1.619,1.328,0.018,5.686,3.853,0.221,9.76,12.74
2013-05-01,3.363,7.02,48.551,58.935,0.016,1.673,1.465,0.017,5.916,4.08,0.232,10.227,13.398
2013-06-01,3.255,7.083,46.985,57.323,0.016,1.619,1.485,0.014,5.764,4.062,0.231,10.057,13.191
2013-07-01,3.363,7.436,48.551,59.351,0.017,1.673,1.548,0.011,5.958,4.126,0.228,10.312,13.562
2013-08-01,3.363,7.359,48.551,59.273,0.012,1.673,1.536,0.009,5.964,4.132,0.227,10.324,13.555
2013-09-01,3.255,6.712,46.985,56.952,0.01,1.619,1.414,0.013,5.723,3.946,0.223,9.892,12.949
2013-10-01,3.363,6.117,48.551,58.032,0.006,1.673,1.303,0.016,5.991,3.889,0.233,10.113,13.111
2013-11-01,3.255,5.018,46.985,55.258,0.007,1.619,1.064,0.027,5.817,3.762,0.222,9.802,12.518
2013-12-01,3.363,4.763,48.551,56.678,0.01,1.673,1.01,0.024,6.04,4.015,0.23,10.284,13.002
2014-01-01,3.363,4.361,49.136,56.86,0.014,1.673,1.078,0.032,6.294,4.469,0.288,11.051,13.849
2014-02-01,3.038,4.63,44.381,52.049,0.012,1.511,1.166,0.026,5.664,3.457,0.273,9.394,12.109
2014-03-01,3.363,6.34,49.136,58.839,0.013,1.673,1.573,0.029,6.262,3.801,0.291,10.354,13.643
2014-04-01,3.255,6.923,47.551,57.728,0.013,1.619,1.704,0.028,5.935,3.756,0.297,9.988,13.352
2014-05-01,3.363,7.66,49.136,60.159,0.013,1.673,1.877,0.022,6.238,3.965,0.311,10.515,14.101
2014-06-01,3.255,7.742,47.551,58.547,0.011,1.619,1.872,0.032,6.169,3.935,0.305,10.409,13.944
2014-07-01,3.363,8.091,49.136,60.59,0.011,1.673,1.933,0.028,6.265,4.203,0.318,10.786,14.432
2014-08-01,3.363,8.04,49.136,60.54,0.009,1.673,1.908,0.022,6.248,4.155,0.316,10.719,14.331
2014-09-01,3.255,7.419,47.551,58.225,0.009,1.619,1.719,0.026,5.994,3.936,0.295,10.224,13.598
2014-10-01,3.363,6.877,49.136,59.376,0.008,1.673,1.552,0.037,6.181,3.8,0.319,10.301,13.571
2014-11-01,3.255,5.668,47.551,56.474,0.007,1.619,1.249,0.045,5.962,3.647,0.304,9.913,12.832
2014-12-01,3.363,5.491,49.136,57.991,0.008,1.673,1.191,0.035,6.193,3.839,0.312,10.344,13.251
2015-01-01,3.363,4.485,43.547,51.396,0.011,1.673,1.185,0.036,6.274,3.858,2.019,12.151,15.057
2015-02-01,3.038,4.913,39.333,47.284,0.009,1.511,1.294,0.032,5.691,3.392,1.907,10.99,13.836
2015-03-01,3.363,6.878,43.547,53.789,0.009,1.673,1.746,0.035,6.194,3.882,2.127,12.203,15.666
2015-04-01,3.255,7.709,42.143,53.107,0.009,1.619,1.924,0.039,5.993,3.859,2.036,11.889,15.48
2015-05-01,3.363,8.517,43.547,55.428,0.009,1.673,2.114,0.035,6.033,4.007,2.226,12.266,16.097
2015-06-01,3.255,8.638,42.143,54.036,0.012,1.619,2.097,0.028,5.944,3.931,2.177,12.052,15.807
2015-07-01,3.363,9.151,43.547,56.062,0.01,1.673,2.188,0.025,6.279,4.268,2.237,12.784,16.681
2015-08-01,3.363,9.085,43.547,55.996,0.008,1.673,2.12,0.025,6.158,4.083,2.25,12.491,16.317
2015-09-01,3.255,8.242,42.143,53.64,0.007,1.619,1.886,0.027,6.014,4.045,2.161,12.22,15.759
2015-10-01,3.363,7.444,43.547,54.355,0.01,1.673,1.664,0.038,6.148,3.776,2.178,12.102,15.487
2015-11-01,3.255,6.132,42.143,51.53,0.01,1.619,1.344,0.043,5.96,3.913,2.128,12.0,15.016
2015-12-01,3.363,5.68,43.547,52.591,0.014,1.673,1.272,0.041,6.21,4.016,2.141,12.367,15.367
2016-01-01,3.354,5.09,37.661,46.105,0.072,1.669,1.272,0.038,6.317,3.98,1.99,12.287,15.338
2016-02-01,3.138,5.996,35.231,44.365,0.061,1.561,1.492,0.042,5.897,3.614,2.032,11.544,14.7
2016-03-01,3.354,8.01,37.661,49.025,0.075,1.669,1.924,0.043,6.128,4.104,2.171,12.404,16.115
2016-04-01,3.246,9.01,36.446,48.701,0.05,1.615,2.088,0.041,6.013,3.931,2.012,11.956,15.749
2016-05-01,3.354,9.969,37.661,50.984,0.039,1.669,2.263,0.036,6.111,4.051,2.195,12.356,16.363
2016-06-01,3.246,10.276,36.446,49.968,0.043,1.615,2.305,0.031,6.104,3.992,2.195,12.291,16.285
2016-07-01,3.354,10.683,37.661,51.698,0.051,1.669,2.373,0.033,6.252,4.213,2.246,12.711,16.837
2016-08-01,3.354,10.37,37.661,51.385,0.065,1.669,2.311,0.026,6.331,4.169,2.276,12.776,16.847
2016-09-01,3.246,9.249,36.446,48.941,0.08,1.615,2.064,0.031,6.075,3.96,2.131,12.166,15.957
2016-10-01,3.354,8.272,37.661,49.287,0.073,1.669,1.828,0.04,6.193,3.905,2.165,12.262,15.873
2016-11-01,3.246,6.731,36.446,46.423,0.059,1.615,1.462,0.038,5.99,4.076,2.136,12.202,15.376
2016-12-01,3.354,6.177,37.661,47.192,0.071,1.669,1.434,0.048,6.26,4.136,2.25,12.646,15.868
2017-01-01,3.363,5.772,36.485,45.62,0.073,1.673,1.517,0.038,6.414,4.287,1.976,12.677,15.979
2017-02-01,3.038,6.441,32.954,42.433,0.067,1.511,1.672,0.037,5.748,3.792,1.835,11.375,14.663
2017-03-01,3.363,9.253,36.485,49.101,0.083,1.673,2.305,0.057,6.158,4.006,2.082,12.246,16.364
2017-04-01,3.255,10.321,35.308,48.884,0.087,1.619,2.553,0.05,5.973,3.894,2.042,11.909,16.219
2017-05-01,3.363,11.388,36.485,51.236,0.093,1.673,2.817,0.045,6.177,4.049,2.176,12.402,17.029
2017-06-01,3.255,11.744,35.308,50.307,0.083,1.619,2.85,0.036,6.005,3.955,2.175,12.135,16.723
2017-07-01,3.363,12.017,36.485,51.865,0.072,1.673,2.943,0.027,6.228,4.095,2.146,12.47,17.186
2017-08-01,3.363,11.647,36.485,51.495,0.06,1.673,2.869,0.02,6.238,4.11,2.233,12.581,17.203
2017-09-01,3.255,10.438,35.308,49.001,0.052,1.619,2.586,0.038,5.893,3.679,2.088,11.66,15.955
2017-10-01,3.363,9.334,36.485,49.183,0.044,1.673,2.295,0.051,6.268,3.678,2.163,12.109,16.171
2017-11-01,3.255,7.31,35.308,45.873,0.049,1.619,1.821,0.047,6.159,3.907,2.12,12.185,15.723
2017-12-01,3.363,6.856,36.485,46.704,0.056,1.673,1.769,0.044,6.399,4.054,2.113,12.567,16.109
2018-01-01,3.363,6.708,44.577,54.649,0.064,1.673,1.983,0.06,6.349,3.987,2.133,12.47,16.25
2018-02-01,3.038,7.326,40.263,50.627,0.066,1.511,2.169,0.053,5.784,3.709,1.815,11.308,15.106
2018-03-01,3.363,10.116,44.577,58.056,0.073,1.673,2.944,0.063,6.361,3.987,2.116,12.464,17.217
2018-04-01,3.255,11.468,43.139,57.862,0.08,1.619,3.265,0.055,6.001,3.899,1.982,11.881,16.9
2018-05-01,3.363,12.614,44.577,60.554,0.083,1.673,3.577,0.047,6.184,4.041,2.289,12.514,17.894
2018-06-01,3.255,12.84,43.139,59.234,0.072,1.619,3.634,0.047,6.1,3.921,2.161,12.182,17.554
2018-07-01,3.363,13.188,44.577,61.128,0.065,1.673,3.734,0.033,6.274,3.973,2.24,12.487,17.992
2018-08-01,3.363,12.639,44.577,60.579,0.059,1.673,3.579,0.037,6.319,4.049,2.308,12.677,18.026
2018-09-01,3.255,11.143,43.139,57.537,0.053,1.619,3.202,0.041,6.033,3.602,1.986,11.62,16.536
2018-10-01,3.363,9.996,44.577,57.937,0.048,1.673,2.818,0.052,6.189,3.868,2.189,12.245,16.836
2018-11-01,3.255,7.978,43.139,54.372,0.054,1.619,2.226,0.055,6.008,3.876,2.106,11.991,15.945
2018-12-01,3.363,7.421,44.577,55.361,0.057,1.787,2.094,0.052,6.402,4.014,2.15,12.566,16.556
2019-01-01,3.363,7.316,46.331,57.01,0.056,1.817,2.249,0.06,6.429,3.725,1.993,12.147,16.328
2019-02-01,3.038,7.941,41.847,52.826,0.051,1.65,2.421,0.053,5.804,3.25,2.013,11.066,15.24
2019-03-01,3.363,11.314,46.331,61.008,0.064,1.824,3.355,0.059,6.341,3.465,2.12,11.926,17.226
2019-04-01,3.255,12.638,44.836,60.729,0.065,1.711,3.707,0.059,6.012,3.014,2.087,11.113,16.655
2019-05-01,3.363,13.868,46.331,63.562,0.074,1.801,3.987,0.049,6.207,2.933,2.294,11.434,17.345
2019-06-01,3.255,14.126,44.836,62.217,0.062,1.735,4.031,0.042,6.017,3.289,2.233,11.539,17.408
2019-07-01,3.363,14.733,46.331,64.427,0.055,1.787,4.234,0.037,6.338,3.189,2.241,11.767,17.88
2019-08-01,3.363,14.171,46.331,63.865,0.051,1.778,4.028,0.032,6.294,3.347,2.223,11.864,17.753
2019-09-01,3.255,12.545,44.836,60.637,0.041,1.72,3.581,0.047,6.09,3.207,2.074,11.371,16.76
2019-10-01,3.363,11.06,46.331,60.754,0.037,1.803,3.163,0.059,6.297,3.179,2.258,11.734,16.796
2019-11-01,3.255,8.737,44.836,56.828,0.042,1.763,2.453,0.056,6.121,3.115,2.204,11.44,15.754
2019-12-01,3.363,7.936,46.331,57.63,0.046,1.819,2.333,0.058,6.28,3.328,2.194,11.802,16.058
2020-01-01,3.354,8.363,29.229,40.946,0.06,1.789,2.617,0.053,6.349,3.309,2.477,12.136,16.656
2020-02-01,3.138,9.507,27.343,39.988,0.062,1.701,2.97,0.055,5.936,3.042,2.274,11.252,16.041
2020-03-01,3.354,12.376,29.229,44.959,0.057,1.816,3.849,0.058,6.202,3.357,1.982,11.542,17.322
2020-04-01,3.246,13.883,28.286,45.415,0.058,1.749,4.244,0.06,5.875,3.099,1.405,10.378,16.489
2020-05-01,3.354,15.614,29.229,48.197,0.079,1.801,4.691,0.051,6.168,3.22,2.028,11.416,18.037
2020-06-01,3.246,15.617,28.286,47.149,0.075,1.73,4.678,0.051,6.078,3.051,2.338,11.467,18.001
2020-07-01,3.354,16.072,29.229,48.655,0.071,1.772,4.86,0.035,6.156,3.265,2.332,11.753,18.492
2020-08-01,3.354,15.268,29.229,47.851,0.061,1.772,4.639,0.038,6.151,3.261,2.307,11.719,18.229
2020-09-01,3.246,13.5,28.286,45.032,0.049,1.73,4.126,0.042,5.839,3.069,2.288,11.197,17.144
2020-10-01,3.354,12.056,29.229,44.639,0.049,1.8,3.598,0.041,6.066,3.096,2.197,11.359,16.847
2020-11-01,3.246,9.877,28.286,41.409,0.053,1.754,2.866,0.047,5.912,3.022,2.256,11.19,15.91
2020-12-01,3.354,9.072,29.229,41.655,0.055,1.819,2.737,0.041,6.149,3.061,2.295,11.506,16.158
2021-01-01,3.363,9.379,29.227,41.969,0.085,1.823,3.053,0.047,6.126,3.427,1.883,11.436,16.444
2021-02-01,3.038,9.991,26.398,39.427,0.074,1.646,3.293,0.043,5.679,2.895,1.77,10.343,15.399
2021-03-01,3.363,14.267,29.227,46.857,0.077,1.732,4.545,0.066,6.115,3.319,2.226,11.659,18.079
2021-04-01,3.255,15.856,28.284,47.394,0.073,1.746,5.041,0.056,5.854,3.224,2.102,11.18,18.097
2021-05-01,3.363,17.477,29.227,50.067,0.079,1.847,5.46,0.048,6.002,3.149,2.376,11.527,18.96
2021-06-01,3.255,17.626,28.284,49.164,0.082,1.757,5.51,0.039,6.017,3.22,2.329,11.565,18.953
2021-07-01,3.363,17.831,29.227,50.421,0.077,1.807,5.677,0.028,6.251,3.52,2.396,12.167,19.757
2021-08-01,3.363,16.812,29.227,49.402,0.073,1.815,5.456,0.04,6.257,3.487,2.325,12.068,19.452
2021-09-01,3.255,14.869,28.284,46.408,0.063,1.765,4.872,0.046,6.049,3.363,2.196,11.608,18.355
2021-10-01,3.363,12.992,29.227,45.582,0.059,1.838,4.229,0.05,6.125,3.113,2.426,11.664,17.84
2021-11-01,3.255,11.421,28.284,42.959,0.062,1.769,3.355,0.057,5.927,3.218,2.306,11.451,16.693
2021-12-01,3.363,10.314,29.227,42.904,0.076,1.867,3.152,0.054,6.233,3.373,2.288,11.894,17.043
2022-01-01,3.363,10.858,35.882,50.103,0.082,1.673,3.576,0.06,6.217,6.27,2.451,14.938,20.33
2022-02-01,3.038,11.975,32.41,47.423,0.073,1.511,3.952,0.059,5.644,5.822,2.284,13.751,19.345
2022-03-01,3.363,16.516,35.882,55.761,0.083,1.673,5.379,0.064,6.13,6.111,2.708,14.949,22.148
2022-04-01,3.255,18.394,34.725,56.374,0.07,1.619,5.896,0.066,5.889,6.111,2.526,14.526,22.177
2022-05-01,3.363,20.27,35.882,59.516,0.089,1.673,6.437,0.054,6.217,6.279,2.744,15.241,23.494
2022-06-01,3.255,20.23,34.725,58.209,0.093,1.619,6.459,0.044,6.14,6.413,2.735,15.288,23.502
2022-07-01,3.363,20.862,35.882,60.107,0.089,1.673,6.707,0.031,6.279,6.54,2.652,15.471,23.972
2022-08-01,3.363,20.142,35.882,59.388,0.076,1.673,6.383,0.025,6.378,6.441,2.809,15.628,23.785
2022-09-01,3.255,18.043,34.725,56.022,0.062,1.619,5.692,0.033,5.924,6.204,2.541,14.67,22.075
2022-10-01,3.363,16.595,35.882,55.84,0.052,1.673,4.896,0.043,6.024,6.352,2.778,15.154,21.819
2022-11-01,3.255,13.46,34.725,51.44,0.061,1.619,3.841,0.06,5.967,6.367,2.668,15.001,20.583
2022-12-01,3.363,12.314,35.882,51.559,0.068,1.673,3.538,0.051,6.166,6.149,2.612,14.928,20.258
2023-01-01,3.363,12.487,38.247,54.096,0.098,1.673,3.914,0.044,6.157,6.063,2.571,14.791,20.52
2023-02-01,3.038,13.763,34.545,51.346,0.087,1.511,4.34,0.052,5.478,5.48,2.299,13.257,19.247
2023-03-01,3.363,18.798,38.247,60.408,0.103,1.673,5.907,0.054,6.111,5.767,2.745,14.624,22.361
2023-04-01,3.255,21.262,37.013,61.53,0.101,1.619,6.56,0.055,5.853,5.62,2.556,14.029,22.364
2023-05-01,3.363,23.993,38.247,65.603,0.089,1.673,7.147,0.043,5.938,6.146,2.754,14.838,23.79
2023-06-01,3.255,23.451,37.013,63.718,0.066,1.619,7.087,0.025,5.967,6.122,2.756,14.845,23.642
2023-07-01,3.363,24.497,38.247,66.107,0.081,1.673,7.357,0.014,6.02,6.401,2.697,15.118,24.244
2023-08-01,3.363,23.907,38.247,65.517,0.082,1.673,7.07,0.022,6.139,6.359,2.851,15.349,24.195
2023-09-01,3.255,20.897,37.013,61.164,0.062,1.619,6.309,0.024,5.983,5.888,2.57,14.441,22.455
2023-10-01,3.363,19.562,38.247,61.172,0.079,1.673,5.473,0.032,6.079,5.992,2.832,14.903,22.16
2023-11-01,3.255,16.077,37.013,56.345,0.073,1.619,4.305,0.036,5.88,6.113,2.665,14.658,20.692
2023-12-01,3.363,14.5,38.247,56.11,0.078,1.673,4.021,0.042,6.147,6.53,2.652,15.329,21.143
2024-01-01,3.354,14.805,34.065,52.224,0.094,1.669,4.404,0.037,6.201,6.222,2.441,14.864,21.067
2024-02-01,3.138,16.591,31.867,51.596,Not Meaningful,1.561,5.054,0.037,5.616,5.637,2.48,13.733,20.469
2024-03-01,3.354,21.989,34.065,59.408,0.093,1.669,6.623,0.048,5.915,5.751,2.663,14.329,22.762
2024-04-01,3.246,24.494,32.966,60.706,0.077,1.615,7.3,0.058,5.703,5.595,2.45,13.749,22.799
2024-05-01,3.354,26.784,34.065,64.203,Not Meaningful,1.669,8.058,0.049,5.997,5.931,2.914,14.843,24.712
2024-06-01,3.246,26.721,32.966,62.933,0.101,1.615,8.065,0.048,5.918,5.713,2.616,14.247,24.075
2024-07-01,3.354,27.296,34.065,64.715,Not Meaningful,1.669,8.334,0.038,6.246,5.987,2.816,15.049,25.185
2024-08-01,3.354,26.275,34.065,63.694,0.089,1.669,8.001,0.033,6.062,5.999,2.806,14.867,24.659
2024-09-01,3.246,23.3,32.966,59.512,0.063,1.615,7.158,0.031,5.945,5.27,2.641,13.855,22.722
