Month,"Coal Commercial Sector, Net Summer Capacity","Petroleum Commercial Sector, Net Summer Capacity","Natural Gas Commercial Sector, Net Summer Capacity","Fossil Fuels Commercial Sector, Net Summer Capacity","Nuclear Commercial Sector, Net Summer Capacity","Hydroelectric Pumped Storage Commercial Sector, Net Summer Capacity","Conventional Hydroelectric Power Commercial Sector, Net Summer Capacity","Wood Commercial Sector, Net Summer Capacity","Waste Commercial Sector, Net Summer Capacity","Geothermal Commercial Sector, Net Summer Capacity ","Solar Commercial Sector, Net Summer Capacity","Wind Commercial Sector, Net Summer Capacity","Renewable Energy Commercial Sector, Net Summer Capacity ","Battery Storage Commercial Sector, Net Summer Capacity","Total Commercial Sector, Net Summer Capacity"
1989-01-01,Not Available,Not Available,Not Available,Not Available,Not Available,Not Available,Not Available,Not Available,Not Available,Not Available,Not Available,Not Available,Not Available,Not Available,Not Available
1989-02-01,Not Available,Not Available,Not Available,Not Available,Not Available,Not Available,Not Available,Not Available,Not Available,Not Available,Not Available,Not Available,Not Available,Not Available,Not Available
1989-03-01,Not Available,Not Available,Not Available,Not Available,Not Available,Not Available,Not Available,Not Available,Not Available,Not Available,Not Available,Not Available,Not Available,Not Available,Not Available
1989-04-01,Not Available,Not Available,Not Available,Not Available,Not Available,Not Available,Not Available,Not Available,Not Available,Not Available,Not Available,Not Available,Not Available,Not Available,Not Available
1989-05-01,Not Available,Not Available,Not Available,Not Available,Not Available,Not Available,Not Available,Not Available,Not Available,Not Available,Not Available,Not Available,Not Available,Not Available,Not Available
1989-06-01,Not Available,Not Available,Not Available,Not Available,Not Available,Not Available,Not Available,Not Available,Not Available,Not Available,Not Available,Not Available,Not Available,Not Available,Not Available
1989-07-01,Not Available,Not Available,Not Available,Not Available,Not Available,Not Available,Not Available,Not Available,Not Available,Not Available,Not Available,Not Available,Not Available,Not Available,Not Available
1989-08-01,Not Available,Not Available,Not Available,Not Available,Not Available,Not Available,Not Available,Not Available,Not Available,Not Available,Not Available,Not Available,Not Available,Not Available,Not Available
1989-09-01,Not Available,Not Available,Not Available,Not Available,Not Available,Not Available,Not Available,Not Available,Not Available,Not Available,Not Available,Not Available,Not Available,Not Available,Not Available
1989-10-01,Not Available,Not Available,Not Available,Not Available,Not Available,Not Available,Not Available,Not Available,Not Available,Not Available,Not Available,Not Available,Not Available,Not Available,Not Available
1989-11-01,Not Available,Not Available,Not Available,Not Available,Not Available,Not Available,Not Available,Not Available,Not Available,Not Available,Not Available,Not Available,Not Available,Not Available,Not Available
1989-12-01,0.258,0.191,0.579,1.028,No Data Reported,No Data Reported,0.018,0.013,0.166,No Data Reported,No Data Reported,No Data Reported,0.197,No Data Reported,1.226
1990-01-01,Not Available,Not Available,Not Available,Not Available,Not Available,Not Available,Not Available,Not Available,Not Available,Not Available,Not Available,Not Available,Not Available,Not Available,Not Available
1990-02-01,Not Available,Not Available,Not Available,Not Available,Not Available,Not Available,Not Available,Not Available,Not Available,Not Available,Not Available,Not Available,Not Available,Not Available,Not Available
1990-03-01,Not Available,Not Available,Not Available,Not Available,Not Available,Not Available,Not Available,Not Available,Not Available,Not Available,Not Available,Not Available,Not Available,Not Available,Not Available
1990-04-01,Not Available,Not Available,Not Available,Not Available,Not Available,Not Available,Not Available,Not Available,Not Available,Not Available,Not Available,Not Available,Not Available,Not Available,Not Available
1990-05-01,Not Available,Not Available,Not Available,Not Available,Not Available,Not Available,Not Available,Not Available,Not Available,Not Available,Not Available,Not Available,Not Available,Not Available,Not Available
1990-06-01,Not Available,Not Available,Not Available,Not Available,Not Available,Not Available,Not Available,Not Available,Not Available,Not Available,Not Available,Not Available,Not Available,Not Available,Not Available
1990-07-01,Not Available,Not Available,Not Available,Not Available,Not Available,Not Available,Not Available,Not Available,Not Available,Not Available,Not Available,Not Available,Not Available,Not Available,Not Available
1990-08-01,Not Available,Not Available,Not Available,Not Available,Not Available,Not Available,Not Available,Not Available,Not Available,Not Available,Not Available,Not Available,Not Available,Not Available,Not Available
1990-09-01,Not Available,Not Available,Not Available,Not Available,Not Available,Not Available,Not Available,Not Available,Not Available,Not Available,Not Available,Not Available,Not Available,Not Available,Not Available
1990-10-01,Not Available,Not Available,Not Available,Not Available,Not Available,Not Available,Not Available,Not Available,Not Available,Not Available,Not Available,Not Available,Not Available,Not Available,Not Available
1990-11-01,Not Available,Not Available,Not Available,Not Available,Not Available,Not Available,Not Available,Not Available,Not Available,Not Available,Not Available,Not Available,Not Available,Not Available,Not Available
1990-12-01,0.266,0.222,0.679,1.167,No Data Reported,No Data Reported,0.03,0.017,0.191,No Data Reported,No Data Reported,No Data Reported,0.238,No Data Reported,1.405
1991-01-01,Not Available,Not Available,Not Available,Not Available,Not Available,Not Available,Not Available,Not Available,Not Available,Not Available,Not Available,Not Available,Not Available,Not Available,Not Available
1991-02-01,Not Available,Not Available,Not Available,Not Available,Not Available,Not Available,Not Available,Not Available,Not Available,Not Available,Not Available,Not Available,Not Available,Not Available,Not Available
1991-03-01,Not Available,Not Available,Not Available,Not Available,Not Available,Not Available,Not Available,Not Available,Not Available,Not Available,Not Available,Not Available,Not Available,Not Available,Not Available
1991-04-01,Not Available,Not Available,Not Available,Not Available,Not Available,Not Available,Not Available,Not Available,Not Available,Not Available,Not Available,Not Available,Not Available,Not Available,Not Available
1991-05-01,Not Available,Not Available,Not Available,Not Available,Not Available,Not Available,Not Available,Not Available,Not Available,Not Available,Not Available,Not Available,Not Available,Not Available,Not Available
1991-06-01,Not Available,Not Available,Not Available,Not Available,Not Available,Not Available,Not Available,Not Available,Not Available,Not Available,Not Available,Not Available,Not Available,Not Available,Not Available
1991-07-01,Not Available,Not Available,Not Available,Not Available,Not Available,Not Available,Not Available,Not Available,Not Available,Not Available,Not Available,Not Available,Not Available,Not Available,Not Available
1991-08-01,Not Available,Not Available,Not Available,Not Available,Not Available,Not Available,Not Available,Not Available,Not Available,Not Available,Not Available,Not Available,Not Available,Not Available,Not Available
1991-09-01,Not Available,Not Available,Not Available,Not Available,Not Available,Not Available,Not Available,Not Available,Not Available,Not Available,Not Available,Not Available,Not Available,Not Available,Not Available
1991-10-01,Not Available,Not Available,Not Available,Not Available,Not Available,Not Available,Not Available,Not Available,Not Available,Not Available,Not Available,Not Available,Not Available,Not Available,Not Available
1991-11-01,Not Available,Not Available,Not Available,Not Available,Not Available,Not Available,Not Available,Not Available,Not Available,Not Available,Not Available,Not Available,Not Available,Not Available,Not Available
1991-12-01,0.232,0.16,0.678,1.07,No Data Reported,No Data Reported,0.03,0.013,0.226,No Data Reported,No Data Reported,No Data Reported,0.269,No Data Reported,1.339
1992-01-01,Not Available,Not Available,Not Available,Not Available,Not Available,Not Available,Not Available,Not Available,Not Available,Not Available,Not Available,Not Available,Not Available,Not Available,Not Available
1992-02-01,Not Available,Not Available,Not Available,Not Available,Not Available,Not Available,Not Available,Not Available,Not Available,Not Available,Not Available,Not Available,Not Available,Not Available,Not Available
1992-03-01,Not Available,Not Available,Not Available,Not Available,Not Available,Not Available,Not Available,Not Available,Not Available,Not Available,Not Available,Not Available,Not Available,Not Available,Not Available
1992-04-01,Not Available,Not Available,Not Available,Not Available,Not Available,Not Available,Not Available,Not Available,Not Available,Not Available,Not Available,Not Available,Not Available,Not Available,Not Available
1992-05-01,Not Available,Not Available,Not Available,Not Available,Not Available,Not Available,Not Available,Not Available,Not Available,Not Available,Not Available,Not Available,Not Available,Not Available,Not Available
1992-06-01,Not Available,Not Available,Not Available,Not Available,Not Available,Not Available,Not Available,Not Available,Not Available,Not Available,Not Available,Not Available,Not Available,Not Available,Not Available
1992-07-01,Not Available,Not Available,Not Available,Not Available,Not Available,Not Available,Not Available,Not Available,Not Available,Not Available,Not Available,Not Available,Not Available,Not Available,Not Available
1992-08-01,Not Available,Not Available,Not Available,Not Available,Not Available,Not Available,Not Available,Not Available,Not Available,Not Available,Not Available,Not Available,Not Available,Not Available,Not Available
1992-09-01,Not Available,Not Available,Not Available,Not Available,Not Available,Not Available,Not Available,Not Available,Not Available,Not Available,Not Available,Not Available,Not Available,Not Available,Not Available
1992-10-01,Not Available,Not Available,Not Available,Not Available,Not Available,Not Available,Not Available,Not Available,Not Available,Not Available,Not Available,Not Available,Not Available,Not Available,Not Available
1992-11-01,Not Available,Not Available,Not Available,Not Available,Not Available,Not Available,Not Available,Not Available,Not Available,Not Available,Not Available,Not Available,Not Available,Not Available,Not Available
1992-12-01,0.234,0.165,0.828,1.228,No Data Reported,No Data Reported,0.031,0.013,0.238,No Data Reported,No Data Reported,No Data Reported,0.283,No Data Reported,1.51
1993-01-01,Not Available,Not Available,Not Available,Not Available,Not Available,Not Available,Not Available,Not Available,Not Available,Not Available,Not Available,Not Available,Not Available,Not Available,Not Available
1993-02-01,Not Available,Not Available,Not Available,Not Available,Not Available,Not Available,Not Available,Not Available,Not Available,Not Available,Not Available,Not Available,Not Available,Not Available,Not Available
1993-03-01,Not Available,Not Available,Not Available,Not Available,Not Available,Not Available,Not Available,Not Available,Not Available,Not Available,Not Available,Not Available,Not Available,Not Available,Not Available
1993-04-01,Not Available,Not Available,Not Available,Not Available,Not Available,Not Available,Not Available,Not Available,Not Available,Not Available,Not Available,Not Available,Not Available,Not Available,Not Available
1993-05-01,Not Available,Not Available,Not Available,Not Available,Not Available,Not Available,Not Available,Not Available,Not Available,Not Available,Not Available,Not Available,Not Available,Not Available,Not Available
1993-06-01,Not Available,Not Available,Not Available,Not Available,Not Available,Not Available,Not Available,Not Available,Not Available,Not Available,Not Available,Not Available,Not Available,Not Available,Not Available
1993-07-01,Not Available,Not Available,Not Available,Not Available,Not Available,Not Available,Not Available,Not Available,Not Available,Not Available,Not Available,Not Available,Not Available,Not Available,Not Available
1993-08-01,Not Available,Not Available,Not Available,Not Available,Not Available,Not Available,Not Available,Not Available,Not Available,Not Available,Not Available,Not Available,Not Available,Not Available,Not Available
1993-09-01,Not Available,Not Available,Not Available,Not Available,Not Available,Not Available,Not Available,Not Available,Not Available,Not Available,Not Available,Not Available,Not Available,Not Available,Not Available
1993-10-01,Not Available,Not Available,Not Available,Not Available,Not Available,Not Available,Not Available,Not Available,Not Available,Not Available,Not Available,Not Available,Not Available,Not Available,Not Available
1993-11-01,Not Available,Not Available,Not Available,Not Available,Not Available,Not Available,Not Available,Not Available,Not Available,Not Available,Not Available,Not Available,Not Available,Not Available,Not Available
1993-12-01,0.283,0.175,0.879,1.338,No Data Reported,No Data Reported,0.031,0.013,0.254,No Data Reported,No Data Reported,No Data Reported,0.298,No Data Reported,1.637
1994-01-01,Not Available,Not Available,Not Available,Not Available,Not Available,Not Available,Not Available,Not Available,Not Available,Not Available,Not Available,Not Available,Not Available,Not Available,Not Available
1994-02-01,Not Available,Not Available,Not Available,Not Available,Not Available,Not Available,Not Available,Not Available,Not Available,Not Available,Not Available,Not Available,Not Available,Not Available,Not Available
1994-03-01,Not Available,Not Available,Not Available,Not Available,Not Available,Not Available,Not Available,Not Available,Not Available,Not Available,Not Available,Not Available,Not Available,Not Available,Not Available
1994-04-01,Not Available,Not Available,Not Available,Not Available,Not Available,Not Available,Not Available,Not Available,Not Available,Not Available,Not Available,Not Available,Not Available,Not Available,Not Available
1994-05-01,Not Available,Not Available,Not Available,Not Available,Not Available,Not Available,Not Available,Not Available,Not Available,Not Available,Not Available,Not Available,Not Available,Not Available,Not Available
1994-06-01,Not Available,Not Available,Not Available,Not Available,Not Available,Not Available,Not Available,Not Available,Not Available,Not Available,Not Available,Not Available,Not Available,Not Available,Not Available
1994-07-01,Not Available,Not Available,Not Available,Not Available,Not Available,Not Available,Not Available,Not Available,Not Available,Not Available,Not Available,Not Available,Not Available,Not Available,Not Available
1994-08-01,Not Available,Not Available,Not Available,Not Available,Not Available,Not Available,Not Available,Not Available,Not Available,Not Available,Not Available,Not Available,Not Available,Not Available,Not Available
1994-09-01,Not Available,Not Available,Not Available,Not Available,Not Available,Not Available,Not Available,Not Available,Not Available,Not Available,Not Available,Not Available,Not Available,Not Available,Not Available
1994-10-01,Not Available,Not Available,Not Available,Not Available,Not Available,Not Available,Not Available,Not Available,Not Available,Not Available,Not Available,Not Available,Not Available,Not Available,Not Available
1994-11-01,Not Available,Not Available,Not Available,Not Available,Not Available,Not Available,Not Available,Not Available,Not Available,Not Available,Not Available,Not Available,Not Available,Not Available,Not Available
1994-12-01,0.287,0.215,1.227,1.728,No Data Reported,No Data Reported,0.032,0.004,0.293,No Data Reported,No Data Reported,No Data Reported,0.328,No Data Reported,2.057
1995-01-01,Not Available,Not Available,Not Available,Not Available,Not Available,Not Available,Not Available,Not Available,Not Available,Not Available,Not Available,Not Available,Not Available,Not Available,Not Available
1995-02-01,Not Available,Not Available,Not Available,Not Available,Not Available,Not Available,Not Available,Not Available,Not Available,Not Available,Not Available,Not Available,Not Available,Not Available,Not Available
1995-03-01,Not Available,Not Available,Not Available,Not Available,Not Available,Not Available,Not Available,Not Available,Not Available,Not Available,Not Available,Not Available,Not Available,Not Available,Not Available
1995-04-01,Not Available,Not Available,Not Available,Not Available,Not Available,Not Available,Not Available,Not Available,Not Available,Not Available,Not Available,Not Available,Not Available,Not Available,Not Available
1995-05-01,Not Available,Not Available,Not Available,Not Available,Not Available,Not Available,Not Available,Not Available,Not Available,Not Available,Not Available,Not Available,Not Available,Not Available,Not Available
1995-06-01,Not Available,Not Available,Not Available,Not Available,Not Available,Not Available,Not Available,Not Available,Not Available,Not Available,Not Available,Not Available,Not Available,Not Available,Not Available
1995-07-01,Not Available,Not Available,Not Available,Not Available,Not Available,Not Available,Not Available,Not Available,Not Available,Not Available,Not Available,Not Available,Not Available,Not Available,Not Available
1995-08-01,Not Available,Not Available,Not Available,Not Available,Not Available,Not Available,Not Available,Not Available,Not Available,Not Available,Not Available,Not Available,Not Available,Not Available,Not Available
1995-09-01,Not Available,Not Available,Not Available,Not Available,Not Available,Not Available,Not Available,Not Available,Not Available,Not Available,Not Available,Not Available,Not Available,Not Available,Not Available
1995-10-01,Not Available,Not Available,Not Available,Not Available,Not Available,Not Available,Not Available,Not Available,Not Available,Not Available,Not Available,Not Available,Not Available,Not Available,Not Available
1995-11-01,Not Available,Not Available,Not Available,Not Available,Not Available,Not Available,Not Available,Not Available,Not Available,Not Available,Not Available,Not Available,Not Available,Not Available,Not Available
1995-12-01,0.315,0.235,1.246,1.796,No Data Reported,No Data Reported,0.031,0.004,0.299,No Data Reported,No Data Reported,No Data Reported,0.334,No Data Reported,2.131
1996-01-01,Not Available,Not Available,Not Available,Not Available,Not Available,Not Available,Not Available,Not Available,Not Available,Not Available,Not Available,Not Available,Not Available,Not Available,Not Available
1996-02-01,Not Available,Not Available,Not Available,Not Available,Not Available,Not Available,Not Available,Not Available,Not Available,Not Available,Not Available,Not Available,Not Available,Not Available,Not Available
1996-03-01,Not Available,Not Available,Not Available,Not Available,Not Available,Not Available,Not Available,Not Available,Not Available,Not Available,Not Available,Not Available,Not Available,Not Available,Not Available
1996-04-01,Not Available,Not Available,Not Available,Not Available,Not Available,Not Available,Not Available,Not Available,Not Available,Not Available,Not Available,Not Available,Not Available,Not Available,Not Available
1996-05-01,Not Available,Not Available,Not Available,Not Available,Not Available,Not Available,Not Available,Not Available,Not Available,Not Available,Not Available,Not Available,Not Available,Not Available,Not Available
1996-06-01,Not Available,Not Available,Not Available,Not Available,Not Available,Not Available,Not Available,Not Available,Not Available,Not Available,Not Available,Not Available,Not Available,Not Available,Not Available
1996-07-01,Not Available,Not Available,Not Available,Not Available,Not Available,Not Available,Not Available,Not Available,Not Available,Not Available,Not Available,Not Available,Not Available,Not Available,Not Available
1996-08-01,Not Available,Not Available,Not Available,Not Available,Not Available,Not Available,Not Available,Not Available,Not Available,Not Available,Not Available,Not Available,Not Available,Not Available,Not Available
1996-09-01,Not Available,Not Available,Not Available,Not Available,Not Available,Not Available,Not Available,Not Available,Not Available,Not Available,Not Available,Not Available,Not Available,Not Available,Not Available
1996-10-01,Not Available,Not Available,Not Available,Not Available,Not Available,Not Available,Not Available,Not Available,Not Available,Not Available,Not Available,Not Available,Not Available,Not Available,Not Available
1996-11-01,Not Available,Not Available,Not Available,Not Available,Not Available,Not Available,Not Available,Not Available,Not Available,Not Available,Not Available,Not Available,Not Available,Not Available,Not Available
1996-12-01,0.321,0.267,1.243,1.831,No Data Reported,No Data Reported,0.031,0.007,0.439,No Data Reported,No Data Reported,No Data Reported,0.478,No Data Reported,2.309
1997-01-01,Not Available,Not Available,Not Available,Not Available,Not Available,Not Available,Not Available,Not Available,Not Available,Not Available,Not Available,Not Available,Not Available,Not Available,Not Available
1997-02-01,Not Available,Not Available,Not Available,Not Available,Not Available,Not Available,Not Available,Not Available,Not Available,Not Available,Not Available,Not Available,Not Available,Not Available,Not Available
1997-03-01,Not Available,Not Available,Not Available,Not Available,Not Available,Not Available,Not Available,Not Available,Not Available,Not Available,Not Available,Not Available,Not Available,Not Available,Not Available
1997-04-01,Not Available,Not Available,Not Available,Not Available,Not Available,Not Available,Not Available,Not Available,Not Available,Not Available,Not Available,Not Available,Not Available,Not Available,Not Available
1997-05-01,Not Available,Not Available,Not Available,Not Available,Not Available,Not Available,Not Available,Not Available,Not Available,Not Available,Not Available,Not Available,Not Available,Not Available,Not Available
1997-06-01,Not Available,Not Available,Not Available,Not Available,Not Available,Not Available,Not Available,Not Available,Not Available,Not Available,Not Available,Not Available,Not Available,Not Available,Not Available
1997-07-01,Not Available,Not Available,Not Available,Not Available,Not Available,Not Available,Not Available,Not Available,Not Available,Not Available,Not Available,Not Available,Not Available,Not Available,Not Available
1997-08-01,Not Available,Not Available,Not Available,Not Available,Not Available,Not Available,Not Available,Not Available,Not Available,Not Available,Not Available,Not Available,Not Available,Not Available,Not Available
1997-09-01,Not Available,Not Available,Not Available,Not Available,Not Available,Not Available,Not Available,Not Available,Not Available,Not Available,Not Available,Not Available,Not Available,Not Available,Not Available
1997-10-01,Not Available,Not Available,Not Available,Not Available,Not Available,Not Available,Not Available,Not Available,Not Available,Not Available,Not Available,Not Available,Not Available,Not Available,Not Available
1997-11-01,Not Available,Not Available,Not Available,Not Available,Not Available,Not Available,Not Available,Not Available,Not Available,Not Available,Not Available,Not Available,Not Available,Not Available,Not Available
1997-12-01,0.314,0.38,1.157,1.85,No Data Reported,No Data Reported,0.032,0.007,0.444,No Data Reported,No Data Reported,No Data Reported,0.483,No Data Reported,2.333
1998-01-01,Not Available,Not Available,Not Available,Not Available,Not Available,Not Available,Not Available,Not Available,Not Available,Not Available,Not Available,Not Available,Not Available,Not Available,Not Available
1998-02-01,Not Available,Not Available,Not Available,Not Available,Not Available,Not Available,Not Available,Not Available,Not Available,Not Available,Not Available,Not Available,Not Available,Not Available,Not Available
1998-03-01,Not Available,Not Available,Not Available,Not Available,Not Available,Not Available,Not Available,Not Available,Not Available,Not Available,Not Available,Not Available,Not Available,Not Available,Not Available
1998-04-01,Not Available,Not Available,Not Available,Not Available,Not Available,Not Available,Not Available,Not Available,Not Available,Not Available,Not Available,Not Available,Not Available,Not Available,Not Available
1998-05-01,Not Available,Not Available,Not Available,Not Available,Not Available,Not Available,Not Available,Not Available,Not Available,Not Available,Not Available,Not Available,Not Available,Not Available,Not Available
1998-06-01,Not Available,Not Available,Not Available,Not Available,Not Available,Not Available,Not Available,Not Available,Not Available,Not Available,Not Available,Not Available,Not Available,Not Available,Not Available
1998-07-01,Not Available,Not Available,Not Available,Not Available,Not Available,Not Available,Not Available,Not Available,Not Available,Not Available,Not Available,Not Available,Not Available,Not Available,Not Available
1998-08-01,Not Available,Not Available,Not Available,Not Available,Not Available,Not Available,Not Available,Not Available,Not Available,Not Available,Not Available,Not Available,Not Available,Not Available,Not Available
1998-09-01,Not Available,Not Available,Not Available,Not Available,Not Available,Not Available,Not Available,Not Available,Not Available,Not Available,Not Available,Not Available,Not Available,Not Available,Not Available
1998-10-01,Not Available,Not Available,Not Available,Not Available,Not Available,Not Available,Not Available,Not Available,Not Available,Not Available,Not Available,Not Available,Not Available,Not Available,Not Available
1998-11-01,Not Available,Not Available,Not Available,Not Available,Not Available,Not Available,Not Available,Not Available,Not Available,Not Available,Not Available,Not Available,Not Available,Not Available,Not Available
1998-12-01,0.317,0.282,1.188,1.786,No Data Reported,No Data Reported,0.032,0.007,0.456,No Data Reported,No Data Reported,No Data Reported,0.495,No Data Reported,2.281
1999-01-01,Not Available,Not Available,Not Available,Not Available,Not Available,Not Available,Not Available,Not Available,Not Available,Not Available,Not Available,Not Available,Not Available,Not Available,Not Available
1999-02-01,Not Available,Not Available,Not Available,Not Available,Not Available,Not Available,Not Available,Not Available,Not Available,Not Available,Not Available,Not Available,Not Available,Not Available,Not Available
1999-03-01,Not Available,Not Available,Not Available,Not Available,Not Available,Not Available,Not Available,Not Available,Not Available,Not Available,Not Available,Not Available,Not Available,Not Available,Not Available
1999-04-01,Not Available,Not Available,Not Available,Not Available,Not Available,Not Available,Not Available,Not Available,Not Available,Not Available,Not Available,Not Available,Not Available,Not Available,Not Available
1999-05-01,Not Available,Not Available,Not Available,Not Available,Not Available,Not Available,Not Available,Not Available,Not Available,Not Available,Not Available,Not Available,Not Available,Not Available,Not Available
1999-06-01,Not Available,Not Available,Not Available,Not Available,Not Available,Not Available,Not Available,Not Available,Not Available,Not Available,Not Available,Not Available,Not Available,Not Available,Not Available
1999-07-01,Not Available,Not Available,Not Available,Not Available,Not Available,Not Available,Not Available,Not Available,Not Available,Not Available,Not Available,Not Available,Not Available,Not Available,Not Available
1999-08-01,Not Available,Not Available,Not Available,Not Available,Not Available,Not Available,Not Available,Not Available,Not Available,Not Available,Not Available,Not Available,Not Available,Not Available,Not Available
1999-09-01,Not Available,Not Available,Not Available,Not Available,Not Available,Not Available,Not Available,Not Available,Not Available,Not Available,Not Available,Not Available,Not Available,Not Available,Not Available
1999-10-01,Not Available,Not Available,Not Available,Not Available,Not Available,Not Available,Not Available,Not Available,Not Available,Not Available,Not Available,Not Available,Not Available,Not Available,Not Available
1999-11-01,Not Available,Not Available,Not Available,Not Available,Not Available,Not Available,Not Available,Not Available,Not Available,Not Available,Not Available,Not Available,Not Available,Not Available,Not Available
1999-12-01,0.317,0.381,1.106,1.805,No Data Reported,No Data Reported,0.032,0.007,0.459,No Data Reported,No Data Reported,No Data Reported,0.497,No Data Reported,2.302
2000-01-01,Not Available,Not Available,Not Available,Not Available,Not Available,Not Available,Not Available,Not Available,Not Available,Not Available,Not Available,Not Available,Not Available,Not Available,Not Available
2000-02-01,Not Available,Not Available,Not Available,Not Available,Not Available,Not Available,Not Available,Not Available,Not Available,Not Available,Not Available,Not Available,Not Available,Not Available,Not Available
2000-03-01,Not Available,Not Available,Not Available,Not Available,Not Available,Not Available,Not Available,Not Available,Not Available,Not Available,Not Available,Not Available,Not Available,Not Available,Not Available
2000-04-01,Not Available,Not Available,Not Available,Not Available,Not Available,Not Available,Not Available,Not Available,Not Available,Not Available,Not Available,Not Available,Not Available,Not Available,Not Available
2000-05-01,Not Available,Not Available,Not Available,Not Available,Not Available,Not Available,Not Available,Not Available,Not Available,Not Available,Not Available,Not Available,Not Available,Not Available,Not Available
2000-06-01,Not Available,Not Available,Not Available,Not Available,Not Available,Not Available,Not Available,Not Available,Not Available,Not Available,Not Available,Not Available,Not Available,Not Available,Not Available
2000-07-01,Not Available,Not Available,Not Available,Not Available,Not Available,Not Available,Not Available,Not Available,Not Available,Not Available,Not Available,Not Available,Not Available,Not Available,Not Available
2000-08-01,Not Available,Not Available,Not Available,Not Available,Not Available,Not Available,Not Available,Not Available,Not Available,Not Available,Not Available,Not Available,Not Available,Not Available,Not Available
2000-09-01,Not Available,Not Available,Not Available,Not Available,Not Available,Not Available,Not Available,Not Available,Not Available,Not Available,Not Available,Not Available,Not Available,Not Available,Not Available
2000-10-01,Not Available,Not Available,Not Available,Not Available,Not Available,Not Available,Not Available,Not Available,Not Available,Not Available,Not Available,Not Available,Not Available,Not Available,Not Available
2000-11-01,Not Available,Not Available,Not Available,Not Available,Not Available,Not Available,Not Available,Not Available,Not Available,Not Available,Not Available,Not Available,Not Available,Not Available,Not Available
2000-12-01,0.314,0.308,1.186,1.808,No Data Reported,No Data Reported,0.033,0.007,0.392,No Data Reported,No Data Reported,No Data Reported,0.432,No Data Reported,2.24
2001-01-01,Not Available,Not Available,Not Available,Not Available,Not Available,Not Available,Not Available,Not Available,Not Available,Not Available,Not Available,Not Available,Not Available,Not Available,Not Available
2001-02-01,Not Available,Not Available,Not Available,Not Available,Not Available,Not Available,Not Available,Not Available,Not Available,Not Available,Not Available,Not Available,Not Available,Not Available,Not Available
2001-03-01,Not Available,Not Available,Not Available,Not Available,Not Available,Not Available,Not Available,Not Available,Not Available,Not Available,Not Available,Not Available,Not Available,Not Available,Not Available
2001-04-01,Not Available,Not Available,Not Available,Not Available,Not Available,Not Available,Not Available,Not Available,Not Available,Not Available,Not Available,Not Available,Not Available,Not Available,Not Available
2001-05-01,Not Available,Not Available,Not Available,Not Available,Not Available,Not Available,Not Available,Not Available,Not Available,Not Available,Not Available,Not Available,Not Available,Not Available,Not Available
2001-06-01,Not Available,Not Available,Not Available,Not Available,Not Available,Not Available,Not Available,Not Available,Not Available,Not Available,Not Available,Not Available,Not Available,Not Available,Not Available
2001-07-01,Not Available,Not Available,Not Available,Not Available,Not Available,Not Available,Not Available,Not Available,Not Available,Not Available,Not Available,Not Available,Not Available,Not Available,Not Available
2001-08-01,Not Available,Not Available,Not Available,Not Available,Not Available,Not Available,Not Available,Not Available,Not Available,Not Available,Not Available,Not Available,Not Available,Not Available,Not Available
2001-09-01,Not Available,Not Available,Not Available,Not Available,Not Available,Not Available,Not Available,Not Available,Not Available,Not Available,Not Available,Not Available,Not Available,Not Available,Not Available
2001-10-01,Not Available,Not Available,Not Available,Not Available,Not Available,Not Available,Not Available,Not Available,Not Available,Not Available,Not Available,Not Available,Not Available,Not Available,Not Available
2001-11-01,Not Available,Not Available,Not Available,Not Available,Not Available,Not Available,Not Available,Not Available,Not Available,Not Available,Not Available,Not Available,Not Available,Not Available,Not Available
2001-12-01,0.295,0.299,1.95,2.544,No Data Reported,No Data Reported,0.022,0.006,0.342,No Data Reported,No Data Reported,No Data Reported,0.37,No Data Reported,2.914
2002-01-01,Not Available,Not Available,Not Available,Not Available,Not Available,Not Available,Not Available,Not Available,Not Available,Not Available,Not Available,Not Available,Not Available,Not Available,Not Available
2002-02-01,Not Available,Not Available,Not Available,Not Available,Not Available,Not Available,Not Available,Not Available,Not Available,Not Available,Not Available,Not Available,Not Available,Not Available,Not Available
2002-03-01,Not Available,Not Available,Not Available,Not Available,Not Available,Not Available,Not Available,Not Available,Not Available,Not Available,Not Available,Not Available,Not Available,Not Available,Not Available
2002-04-01,Not Available,Not Available,Not Available,Not Available,Not Available,Not Available,Not Available,Not Available,Not Available,Not Available,Not Available,Not Available,Not Available,Not Available,Not Available
2002-05-01,Not Available,Not Available,Not Available,Not Available,Not Available,Not Available,Not Available,Not Available,Not Available,Not Available,Not Available,Not Available,Not Available,Not Available,Not Available
2002-06-01,Not Available,Not Available,Not Available,Not Available,Not Available,Not Available,Not Available,Not Available,Not Available,Not Available,Not Available,Not Available,Not Available,Not Available,Not Available
2002-07-01,Not Available,Not Available,Not Available,Not Available,Not Available,Not Available,Not Available,Not Available,Not Available,Not Available,Not Available,Not Available,Not Available,Not Available,Not Available
2002-08-01,Not Available,Not Available,Not Available,Not Available,Not Available,Not Available,Not Available,Not Available,Not Available,Not Available,Not Available,Not Available,Not Available,Not Available,Not Available
2002-09-01,Not Available,Not Available,Not Available,Not Available,Not Available,Not Available,Not Available,Not Available,Not Available,Not Available,Not Available,Not Available,Not Available,Not Available,Not Available
2002-10-01,Not Available,Not Available,Not Available,Not Available,Not Available,Not Available,Not Available,Not Available,Not Available,Not Available,Not Available,Not Available,Not Available,Not Available,Not Available
2002-11-01,Not Available,Not Available,Not Available,Not Available,Not Available,Not Available,Not Available,Not Available,Not Available,Not Available,Not Available,Not Available,Not Available,Not Available,Not Available
2002-12-01,0.292,0.301,1.216,1.809,No Data Reported,No Data Reported,0.022,0.006,0.351,No Data Reported,No Data Reported,No Data Reported,0.379,No Data Reported,2.188
2003-01-01,Not Available,Not Available,Not Available,Not Available,Not Available,Not Available,Not Available,Not Available,Not Available,Not Available,Not Available,Not Available,Not Available,Not Available,Not Available
2003-02-01,Not Available,Not Available,Not Available,Not Available,Not Available,Not Available,Not Available,Not Available,Not Available,Not Available,Not Available,Not Available,Not Available,Not Available,Not Available
2003-03-01,Not Available,Not Available,Not Available,Not Available,Not Available,Not Available,Not Available,Not Available,Not Available,Not Available,Not Available,Not Available,Not Available,Not Available,Not Available
2003-04-01,Not Available,Not Available,Not Available,Not Available,Not Available,Not Available,Not Available,Not Available,Not Available,Not Available,Not Available,Not Available,Not Available,Not Available,Not Available
2003-05-01,Not Available,Not Available,Not Available,Not Available,Not Available,Not Available,Not Available,Not Available,Not Available,Not Available,Not Available,Not Available,Not Available,Not Available,Not Available
2003-06-01,Not Available,Not Available,Not Available,Not Available,Not Available,Not Available,Not Available,Not Available,Not Available,Not Available,Not Available,Not Available,Not Available,Not Available,Not Available
2003-07-01,Not Available,Not Available,Not Available,Not Available,Not Available,Not Available,Not Available,Not Available,Not Available,Not Available,Not Available,Not Available,Not Available,Not Available,Not Available
2003-08-01,Not Available,Not Available,Not Available,Not Available,Not Available,Not Available,Not Available,Not Available,Not Available,Not Available,Not Available,Not Available,Not Available,Not Available,Not Available
2003-09-01,Not Available,Not Available,Not Available,Not Available,Not Available,Not Available,Not Available,Not Available,Not Available,Not Available,Not Available,Not Available,Not Available,Not Available,Not Available
2003-10-01,Not Available,Not Available,Not Available,Not Available,Not Available,Not Available,Not Available,Not Available,Not Available,Not Available,Not Available,Not Available,Not Available,Not Available,Not Available
2003-11-01,Not Available,Not Available,Not Available,Not Available,Not Available,Not Available,Not Available,Not Available,Not Available,Not Available,Not Available,Not Available,Not Available,Not Available,Not Available
2003-12-01,0.347,0.343,0.994,1.684,No Data Reported,No Data Reported,0.022,0.007,0.364,No Data Reported,No Data Reported,No Data Reported,0.393,No Data Reported,2.077
2004-01-01,Not Available,Not Available,Not Available,Not Available,Not Available,Not Available,Not Available,Not Available,Not Available,Not Available,Not Available,Not Available,Not Available,Not Available,Not Available
2004-02-01,Not Available,Not Available,Not Available,Not Available,Not Available,Not Available,Not Available,Not Available,Not Available,Not Available,Not Available,Not Available,Not Available,Not Available,Not Available
2004-03-01,Not Available,Not Available,Not Available,Not Available,Not Available,Not Available,Not Available,Not Available,Not Available,Not Available,Not Available,Not Available,Not Available,Not Available,Not Available
2004-04-01,Not Available,Not Available,Not Available,Not Available,Not Available,Not Available,Not Available,Not Available,Not Available,Not Available,Not Available,Not Available,Not Available,Not Available,Not Available
2004-05-01,Not Available,Not Available,Not Available,Not Available,Not Available,Not Available,Not Available,Not Available,Not Available,Not Available,Not Available,Not Available,Not Available,Not Available,Not Available
2004-06-01,Not Available,Not Available,Not Available,Not Available,Not Available,Not Available,Not Available,Not Available,Not Available,Not Available,Not Available,Not Available,Not Available,Not Available,Not Available
2004-07-01,Not Available,Not Available,Not Available,Not Available,Not Available,Not Available,Not Available,Not Available,Not Available,Not Available,Not Available,Not Available,Not Available,Not Available,Not Available
2004-08-01,Not Available,Not Available,Not Available,Not Available,Not Available,Not Available,Not Available,Not Available,Not Available,Not Available,Not Available,Not Available,Not Available,Not Available,Not Available
2004-09-01,Not Available,Not Available,Not Available,Not Available,Not Available,Not Available,Not Available,Not Available,Not Available,Not Available,Not Available,Not Available,Not Available,Not Available,Not Available
2004-10-01,Not Available,Not Available,Not Available,Not Available,Not Available,Not Available,Not Available,Not Available,Not Available,Not Available,Not Available,Not Available,Not Available,Not Available,Not Available
2004-11-01,Not Available,Not Available,Not Available,Not Available,Not Available,Not Available,Not Available,Not Available,Not Available,Not Available,Not Available,Not Available,Not Available,Not Available,Not Available
2004-12-01,0.368,0.321,1.069,1.763,No Data Reported,No Data Reported,0.022,0.007,0.397,No Data Reported,No Data Reported,No Data Reported,0.426,No Data Reported,2.189
2005-01-01,Not Available,Not Available,Not Available,Not Available,Not Available,Not Available,Not Available,Not Available,Not Available,Not Available,Not Available,Not Available,Not Available,Not Available,Not Available
2005-02-01,Not Available,Not Available,Not Available,Not Available,Not Available,Not Available,Not Available,Not Available,Not Available,Not Available,Not Available,Not Available,Not Available,Not Available,Not Available
2005-03-01,Not Available,Not Available,Not Available,Not Available,Not Available,Not Available,Not Available,Not Available,Not Available,Not Available,Not Available,Not Available,Not Available,Not Available,Not Available
2005-04-01,Not Available,Not Available,Not Available,Not Available,Not Available,Not Available,Not Available,Not Available,Not Available,Not Available,Not Available,Not Available,Not Available,Not Available,Not Available
2005-05-01,Not Available,Not Available,Not Available,Not Available,Not Available,Not Available,Not Available,Not Available,Not Available,Not Available,Not Available,Not Available,Not Available,Not Available,Not Available
2005-06-01,Not Available,Not Available,Not Available,Not Available,Not Available,Not Available,Not Available,Not Available,Not Available,Not Available,Not Available,Not Available,Not Available,Not Available,Not Available
2005-07-01,Not Available,Not Available,Not Available,Not Available,Not Available,Not Available,Not Available,Not Available,Not Available,Not Available,Not Available,Not Available,Not Available,Not Available,Not Available
2005-08-01,Not Available,Not Available,Not Available,Not Available,Not Available,Not Available,Not Available,Not Available,Not Available,Not Available,Not Available,Not Available,Not Available,Not Available,Not Available
2005-09-01,Not Available,Not Available,Not Available,Not Available,Not Available,Not Available,Not Available,Not Available,Not Available,Not Available,Not Available,Not Available,Not Available,Not Available,Not Available
2005-10-01,Not Available,Not Available,Not Available,Not Available,Not Available,Not Available,Not Available,Not Available,Not Available,Not Available,Not Available,Not Available,Not Available,Not Available,Not Available
2005-11-01,Not Available,Not Available,Not Available,Not Available,Not Available,Not Available,Not Available,Not Available,Not Available,Not Available,Not Available,Not Available,Not Available,Not Available,Not Available
2005-12-01,0.397,0.333,1.024,1.759,No Data Reported,No Data Reported,0.025,0.007,0.428,No Data Reported,No Data Reported,No Data Reported,0.46,No Data Reported,2.219
2006-01-01,Not Available,Not Available,Not Available,Not Available,Not Available,Not Available,Not Available,Not Available,Not Available,Not Available,Not Available,Not Available,Not Available,Not Available,Not Available
2006-02-01,Not Available,Not Available,Not Available,Not Available,Not Available,Not Available,Not Available,Not Available,Not Available,Not Available,Not Available,Not Available,Not Available,Not Available,Not Available
2006-03-01,Not Available,Not Available,Not Available,Not Available,Not Available,Not Available,Not Available,Not Available,Not Available,Not Available,Not Available,Not Available,Not Available,Not Available,Not Available
2006-04-01,Not Available,Not Available,Not Available,Not Available,Not Available,Not Available,Not Available,Not Available,Not Available,Not Available,Not Available,Not Available,Not Available,Not Available,Not Available
2006-05-01,Not Available,Not Available,Not Available,Not Available,Not Available,Not Available,Not Available,Not Available,Not Available,Not Available,Not Available,Not Available,Not Available,Not Available,Not Available
2006-06-01,Not Available,Not Available,Not Available,Not Available,Not Available,Not Available,Not Available,Not Available,Not Available,Not Available,Not Available,Not Available,Not Available,Not Available,Not Available
2006-07-01,Not Available,Not Available,Not Available,Not Available,Not Available,Not Available,Not Available,Not Available,Not Available,Not Available,Not Available,Not Available,Not Available,Not Available,Not Available
2006-08-01,Not Available,Not Available,Not Available,Not Available,Not Available,Not Available,Not Available,Not Available,Not Available,Not Available,Not Available,Not Available,Not Available,Not Available,Not Available
2006-09-01,Not Available,Not Available,Not Available,Not Available,Not Available,Not Available,Not Available,Not Available,Not Available,Not Available,Not Available,Not Available,Not Available,Not Available,Not Available
2006-10-01,Not Available,Not Available,Not Available,Not Available,Not Available,Not Available,Not Available,Not Available,Not Available,Not Available,Not Available,Not Available,Not Available,Not Available,Not Available
2006-11-01,Not Available,Not Available,Not Available,Not Available,Not Available,Not Available,Not Available,Not Available,Not Available,Not Available,Not Available,Not Available,Not Available,Not Available,Not Available
2006-12-01,0.428,0.341,1.04,1.814,No Data Reported,No Data Reported,0.025,0.007,0.426,No Data Reported,No Data Reported,No Data Reported,0.458,No Data Reported,2.272
2007-01-01,Not Available,Not Available,Not Available,Not Available,Not Available,Not Available,Not Available,Not Available,Not Available,Not Available,Not Available,Not Available,Not Available,Not Available,Not Available
2007-02-01,Not Available,Not Available,Not Available,Not Available,Not Available,Not Available,Not Available,Not Available,Not Available,Not Available,Not Available,Not Available,Not Available,Not Available,Not Available
2007-03-01,Not Available,Not Available,Not Available,Not Available,Not Available,Not Available,Not Available,Not Available,Not Available,Not Available,Not Available,Not Available,Not Available,Not Available,Not Available
2007-04-01,Not Available,Not Available,Not Available,Not Available,Not Available,Not Available,Not Available,Not Available,Not Available,Not Available,Not Available,Not Available,Not Available,Not Available,Not Available
2007-05-01,Not Available,Not Available,Not Available,Not Available,Not Available,Not Available,Not Available,Not Available,Not Available,Not Available,Not Available,Not Available,Not Available,Not Available,Not Available
2007-06-01,Not Available,Not Available,Not Available,Not Available,Not Available,Not Available,Not Available,Not Available,Not Available,Not Available,Not Available,Not Available,Not Available,Not Available,Not Available
2007-07-01,Not Available,Not Available,Not Available,Not Available,Not Available,Not Available,Not Available,Not Available,Not Available,Not Available,Not Available,Not Available,Not Available,Not Available,Not Available
2007-08-01,Not Available,Not Available,Not Available,Not Available,Not Available,Not Available,Not Available,Not Available,Not Available,Not Available,Not Available,Not Available,Not Available,Not Available,Not Available
2007-09-01,Not Available,Not Available,Not Available,Not Available,Not Available,Not Available,Not Available,Not Available,Not Available,Not Available,Not Available,Not Available,Not Available,Not Available,Not Available
2007-10-01,Not Available,Not Available,Not Available,Not Available,Not Available,Not Available,Not Available,Not Available,Not Available,Not Available,Not Available,Not Available,Not Available,Not Available,Not Available
2007-11-01,Not Available,Not Available,Not Available,Not Available,Not Available,Not Available,Not Available,Not Available,Not Available,Not Available,Not Available,Not Available,Not Available,Not Available,Not Available
2007-12-01,0.428,0.348,1.064,1.845,No Data Reported,No Data Reported,0.022,0.008,0.435,No Data Reported,No Data Reported,No Data Reported,0.465,No Data Reported,2.313
2008-01-01,0.428,0.345,1.076,1.854,No Data Reported,No Data Reported,0.022,0.008,0.439,No Data Reported,No Data Reported,No Data Reported,0.469,No Data Reported,2.325
2008-02-01,0.428,0.347,1.071,1.85,No Data Reported,No Data Reported,0.022,0.008,0.439,No Data Reported,No Data Reported,No Data Reported,0.468,No Data Reported,2.321
2008-03-01,0.428,0.346,1.059,1.837,No Data Reported,No Data Reported,0.022,0.008,0.437,No Data Reported,No Data Reported,No Data Reported,0.466,No Data Reported,2.306
2008-04-01,0.428,0.346,1.059,1.838,No Data Reported,No Data Reported,0.022,0.008,0.436,No Data Reported,No Data Reported,No Data Reported,0.466,No Data Reported,2.306
2008-05-01,0.428,0.346,1.059,1.837,No Data Reported,No Data Reported,0.022,0.008,0.436,No Data Reported,0,No Data Reported,0.465,No Data Reported,2.305
2008-06-01,0.428,0.346,1.059,1.837,No Data Reported,No Data Reported,0.022,0.008,0.436,No Data Reported,0,No Data Reported,0.465,No Data Reported,2.305
2008-07-01,0.428,0.346,1.059,1.837,No Data Reported,No Data Reported,0.022,0.008,0.436,No Data Reported,0,No Data Reported,0.465,No Data Reported,2.305
2008-08-01,0.428,0.346,1.056,1.834,No Data Reported,No Data Reported,0.022,0.008,0.436,No Data Reported,0,No Data Reported,0.465,No Data Reported,2.302
2008-09-01,0.428,0.347,1.056,1.835,No Data Reported,No Data Reported,0.022,0.008,0.436,No Data Reported,0,No Data Reported,0.465,No Data Reported,2.303
2008-10-01,0.428,0.35,1.059,1.842,No Data Reported,No Data Reported,0.022,0.008,0.435,No Data Reported,0,No Data Reported,0.464,No Data Reported,2.309
2008-11-01,0.428,0.352,1.059,1.843,No Data Reported,No Data Reported,0.022,0.008,0.436,No Data Reported,0,No Data Reported,0.466,No Data Reported,2.312
2008-12-01,0.428,0.352,1.059,1.843,No Data Reported,No Data Reported,0.022,0.008,0.436,No Data Reported,0,No Data Reported,0.466,No Data Reported,2.312
2009-01-01,0.425,0.345,1.075,1.849,No Data Reported,No Data Reported,0.022,0.008,0.477,No Data Reported,0,No Data Reported,0.506,No Data Reported,2.358
2009-02-01,0.425,0.345,1.073,1.847,No Data Reported,No Data Reported,0.022,0.008,0.478,No Data Reported,0,No Data Reported,0.507,No Data Reported,2.356
2009-03-01,0.424,0.345,1.073,1.846,No Data Reported,No Data Reported,0.022,0.008,0.478,No Data Reported,0,No Data Reported,0.507,No Data Reported,2.355
2009-04-01,0.424,0.345,1.073,1.846,No Data Reported,No Data Reported,0.022,0.008,0.478,No Data Reported,0,No Data Reported,0.508,No Data Reported,2.356
2009-05-01,0.424,0.348,1.071,1.848,No Data Reported,No Data Reported,0.022,0.008,0.478,No Data Reported,0,No Data Reported,0.508,No Data Reported,2.358
2009-06-01,0.424,0.348,1.071,1.848,No Data Reported,No Data Reported,0.022,0.008,0.478,No Data Reported,0,No Data Reported,0.508,No Data Reported,2.358
2009-07-01,0.424,0.349,1.071,1.849,No Data Reported,No Data Reported,0.022,0.008,0.48,No Data Reported,0,No Data Reported,0.509,No Data Reported,2.361
2009-08-01,0.424,0.347,1.071,1.846,No Data Reported,No Data Reported,0.022,0.008,0.48,No Data Reported,0,No Data Reported,0.509,No Data Reported,2.358
2009-09-01,0.424,0.347,1.069,1.844,No Data Reported,No Data Reported,0.022,0.008,0.48,No Data Reported,0,No Data Reported,0.509,No Data Reported,2.356
2009-10-01,0.424,0.348,1.072,1.849,No Data Reported,No Data Reported,0.022,0.008,0.48,No Data Reported,0,No Data Reported,0.509,No Data Reported,2.361
2009-11-01,0.424,0.348,1.072,1.849,No Data Reported,No Data Reported,0.022,0.008,0.48,No Data Reported,0,0.001,0.51,No Data Reported,2.362
2009-12-01,0.424,0.348,1.105,1.881,No Data Reported,No Data Reported,0.022,0.008,0.471,No Data Reported,0,0.001,0.502,No Data Reported,2.386
2010-01-01,0.418,0.363,1.092,1.877,No Data Reported,No Data Reported,0.022,0.008,0.488,No Data Reported,0.002,0.01,0.529,No Data Reported,2.411
2010-02-01,0.418,0.363,1.092,1.877,No Data Reported,No Data Reported,0.022,0.008,0.488,No Data Reported,0.002,0.01,0.529,No Data Reported,2.41
2010-03-01,0.418,0.362,1.125,1.91,No Data Reported,No Data Reported,0.022,0.008,0.488,No Data Reported,0.002,0.011,0.53,No Data Reported,2.444
2010-04-01,0.418,0.362,1.125,1.91,No Data Reported,No Data Reported,0.022,0.008,0.488,No Data Reported,0.002,0.011,0.53,No Data Reported,2.444
2010-05-01,0.418,0.363,1.161,1.947,No Data Reported,No Data Reported,0.022,0.008,0.492,No Data Reported,0.002,0.011,0.534,No Data Reported,2.485
2010-06-01,0.418,0.363,1.193,1.979,No Data Reported,No Data Reported,0.022,0.008,0.492,No Data Reported,0.003,0.011,0.535,No Data Reported,2.519
2010-07-01,0.418,0.363,1.192,1.978,No Data Reported,No Data Reported,0.022,0.008,0.496,No Data Reported,0.003,0.011,0.539,No Data Reported,2.521
2010-08-01,0.418,0.363,1.192,1.978,No Data Reported,No Data Reported,0.022,0.008,0.496,No Data Reported,0.003,0.011,0.539,No Data Reported,2.521
2010-09-01,0.418,0.363,1.24,2.026,No Data Reported,No Data Reported,0.022,0.008,0.496,No Data Reported,0.003,0.011,0.539,No Data Reported,2.569
2010-10-01,0.418,0.368,1.238,2.029,No Data Reported,No Data Reported,0.022,0.008,0.496,No Data Reported,0.004,0.011,0.54,No Data Reported,2.573
2010-11-01,0.418,0.368,1.142,1.933,No Data Reported,No Data Reported,0.022,0.008,0.496,No Data Reported,0.004,0.011,0.54,No Data Reported,2.477
2010-12-01,0.418,0.368,1.153,1.944,No Data Reported,No Data Reported,0.022,0.008,0.496,No Data Reported,0.006,0.011,0.541,No Data Reported,2.49
2011-01-01,0.432,0.38,1.235,2.048,No Data Reported,No Data Reported,0.017,0.008,0.597,No Data Reported,0.045,0.017,0.684,No Data Reported,2.735
2011-02-01,0.432,0.38,1.235,2.048,No Data Reported,No Data Reported,0.017,0.008,0.597,No Data Reported,0.045,0.017,0.684,No Data Reported,2.735
2011-03-01,0.432,0.382,1.271,2.086,No Data Reported,No Data Reported,0.017,0.008,0.597,No Data Reported,0.046,0.017,0.685,No Data Reported,2.775
2011-04-01,0.432,0.384,1.271,2.088,No Data Reported,No Data Reported,0.017,0.008,0.597,No Data Reported,0.046,0.017,0.685,No Data Reported,2.778
2011-05-01,0.432,0.384,1.27,2.086,No Data Reported,No Data Reported,0.017,0.008,0.597,No Data Reported,0.047,0.017,0.686,No Data Reported,2.776
2011-06-01,0.432,0.384,1.27,2.086,No Data Reported,No Data Reported,0.017,0.008,0.601,No Data Reported,0.049,0.017,0.691,No Data Reported,2.782
2011-07-01,0.432,0.386,1.27,2.088,No Data Reported,No Data Reported,0.017,0.008,0.601,No Data Reported,0.052,0.017,0.694,No Data Reported,2.786
2011-08-01,0.432,0.39,1.269,2.092,No Data Reported,No Data Reported,0.017,0.008,0.6,No Data Reported,0.052,0.017,0.694,No Data Reported,2.79
2011-09-01,0.432,0.39,1.269,2.092,No Data Reported,No Data Reported,0.017,0.008,0.6,No Data Reported,0.052,0.02,0.697,No Data Reported,2.793
2011-10-01,0.432,0.39,1.27,2.092,No Data Reported,No Data Reported,0.017,0.008,0.598,No Data Reported,0.053,0.024,0.7,No Data Reported,2.796
2011-11-01,0.432,0.39,1.27,2.092,No Data Reported,No Data Reported,0.017,0.008,0.598,No Data Reported,0.053,0.024,0.7,No Data Reported,2.796
2011-12-01,0.432,0.394,1.27,2.096,No Data Reported,No Data Reported,0.017,0.008,0.598,No Data Reported,0.053,0.024,0.7,No Data Reported,2.799
2012-01-01,0.436,0.442,1.535,2.413,No Data Reported,No Data Reported,0.018,0.008,0.625,No Data Reported,0.074,0.028,0.752,No Data Reported,3.169
2012-02-01,0.436,0.442,1.535,2.413,No Data Reported,No Data Reported,0.018,0.008,0.625,No Data Reported,0.075,0.029,0.754,No Data Reported,3.171
2012-03-01,0.436,0.442,1.535,2.413,No Data Reported,No Data Reported,0.018,0.008,0.625,No Data Reported,0.076,0.029,0.755,No Data Reported,3.172
2012-04-01,0.436,0.442,1.536,2.414,No Data Reported,No Data Reported,0.018,0.008,0.625,No Data Reported,0.078,0.029,0.757,No Data Reported,3.176
2012-05-01,0.436,0.442,1.536,2.414,No Data Reported,No Data Reported,0.018,0.008,0.625,No Data Reported,0.078,0.029,0.757,No Data Reported,3.176
2012-06-01,0.436,0.443,1.536,2.414,No Data Reported,No Data Reported,0.018,0.008,0.629,No Data Reported,0.079,0.029,0.763,No Data Reported,3.182
2012-07-01,0.436,0.443,1.536,2.414,No Data Reported,No Data Reported,0.018,0.008,0.629,No Data Reported,0.079,0.029,0.763,No Data Reported,3.182
2012-08-01,0.436,0.443,1.536,2.414,No Data Reported,No Data Reported,0.018,0.008,0.635,No Data Reported,0.08,0.029,0.77,No Data Reported,3.188
2012-09-01,0.436,0.443,1.536,2.414,No Data Reported,No Data Reported,0.018,0.008,0.64,No Data Reported,0.096,0.03,0.792,No Data Reported,3.21
2012-10-01,0.436,0.443,1.536,2.414,No Data Reported,No Data Reported,0.018,0.008,0.64,No Data Reported,0.096,0.03,0.792,No Data Reported,3.21
2012-11-01,0.436,0.443,1.536,2.414,No Data Reported,No Data Reported,0.018,0.008,0.64,No Data Reported,0.098,0.03,0.794,No Data Reported,3.212
2012-12-01,0.436,0.443,1.545,2.423,No Data Reported,No Data Reported,0.018,0.008,0.64,No Data Reported,0.1,0.03,0.795,No Data Reported,3.223
2013-01-01,0.345,0.453,1.798,2.596,No Data Reported,No Data Reported,0.018,0.008,0.669,No Data Reported,0.122,0.03,0.847,No Data Reported,3.453
2013-02-01,0.345,0.453,1.804,2.602,No Data Reported,No Data Reported,0.018,0.008,0.697,No Data Reported,0.147,0.03,0.9,No Data Reported,3.512
2013-03-01,0.342,0.453,1.804,2.599,No Data Reported,No Data Reported,0.018,0.008,0.704,No Data Reported,0.154,0.03,0.914,No Data Reported,3.522
2013-04-01,0.342,0.456,1.8,2.597,No Data Reported,No Data Reported,0.018,0.008,0.709,No Data Reported,0.159,0.03,0.924,No Data Reported,3.53
2013-05-01,0.342,0.456,1.8,2.597,No Data Reported,No Data Reported,0.018,0.008,0.709,No Data Reported,0.159,0.03,0.924,No Data Reported,3.53
2013-06-01,0.342,0.456,1.804,2.602,No Data Reported,No Data Reported,0.018,0.008,0.708,No Data Reported,0.16,0.03,0.924,No Data Reported,3.535
2013-07-01,0.342,0.456,1.79,2.587,No Data Reported,No Data Reported,0.018,0.008,0.708,No Data Reported,0.161,0.03,0.925,No Data Reported,3.522
2013-08-01,0.342,0.456,1.79,2.587,No Data Reported,No Data Reported,0.018,0.008,0.71,No Data Reported,0.162,0.03,0.928,No Data Reported,3.524
2013-09-01,0.342,0.456,1.79,2.588,No Data Reported,No Data Reported,0.018,0.008,0.705,No Data Reported,0.171,0.03,0.931,No Data Reported,3.528
2013-10-01,0.342,0.456,1.79,2.588,No Data Reported,No Data Reported,0.018,0.008,0.705,No Data Reported,0.19,0.03,0.951,No Data Reported,3.548
2013-11-01,0.342,0.456,1.783,2.58,No Data Reported,No Data Reported,0.018,0.008,0.704,No Data Reported,0.193,0.033,0.957,No Data Reported,3.546
2013-12-01,0.342,0.456,1.779,2.577,No Data Reported,No Data Reported,0.018,0.008,0.713,No Data Reported,0.193,0.033,0.965,No Data Reported,3.551
2014-01-01,0.301,0.459,1.803,2.563,No Data Reported,No Data Reported,0.027,0.065,0.718,No Data Reported,0.204,0.039,1.052,No Data Reported,3.631
2014-02-01,0.301,0.464,1.828,2.592,No Data Reported,No Data Reported,0.027,0.065,0.718,No Data Reported,0.204,0.039,1.052,No Data Reported,3.66
2014-03-01,0.297,0.464,1.828,2.588,No Data Reported,No Data Reported,0.027,0.065,0.722,No Data Reported,0.204,0.039,1.056,No Data Reported,3.66
2014-04-01,0.297,0.464,1.828,2.588,No Data Reported,No Data Reported,0.027,0.065,0.722,No Data Reported,0.204,0.039,1.056,No Data Reported,3.66
2014-05-01,0.297,0.464,1.829,2.589,No Data Reported,No Data Reported,0.027,0.065,0.725,No Data Reported,0.214,0.039,1.07,No Data Reported,3.674
2014-06-01,0.297,0.464,1.836,2.596,No Data Reported,No Data Reported,0.027,0.065,0.725,No Data Reported,0.214,0.051,1.081,No Data Reported,3.693
2014-07-01,0.297,0.464,1.834,2.594,No Data Reported,No Data Reported,0.027,0.065,0.725,No Data Reported,0.214,0.052,1.082,No Data Reported,3.692
2014-08-01,0.297,0.464,1.834,2.594,No Data Reported,No Data Reported,0.027,0.065,0.725,No Data Reported,0.214,0.052,1.082,No Data Reported,3.692
2014-09-01,0.297,0.464,1.834,2.594,No Data Reported,No Data Reported,0.027,0.065,0.725,No Data Reported,0.214,0.052,1.082,No Data Reported,3.692
2014-10-01,0.297,0.464,1.833,2.593,No Data Reported,No Data Reported,0.027,0.065,0.724,No Data Reported,0.223,0.052,1.091,No Data Reported,3.699
2014-11-01,0.29,0.464,1.833,2.586,No Data Reported,No Data Reported,0.027,0.065,0.726,No Data Reported,0.223,0.052,1.094,No Data Reported,3.695
2014-12-01,0.29,0.464,1.833,2.586,No Data Reported,No Data Reported,0.027,0.065,0.726,No Data Reported,0.223,0.052,1.094,No Data Reported,3.695
2015-01-01,0.228,0.48,1.901,2.608,No Data Reported,No Data Reported,0.027,0.065,0.729,No Data Reported,0.231,0.055,1.107,No Data Reported,3.719
2015-02-01,0.228,0.48,1.901,2.608,No Data Reported,No Data Reported,0.027,0.065,0.729,No Data Reported,0.231,0.055,1.107,No Data Reported,3.719
2015-03-01,0.227,0.48,1.901,2.608,No Data Reported,No Data Reported,0.027,0.065,0.729,No Data Reported,0.244,0.055,1.12,No Data Reported,3.731
2015-04-01,0.227,0.48,1.903,2.61,No Data Reported,No Data Reported,0.027,0.065,0.722,No Data Reported,0.244,0.055,1.113,No Data Reported,3.727
2015-05-01,0.227,0.476,1.903,2.606,No Data Reported,No Data Reported,0.027,0.065,0.722,No Data Reported,0.264,0.055,1.133,No Data Reported,3.743
2015-06-01,0.227,0.476,1.902,2.605,No Data Reported,No Data Reported,0.027,0.065,0.721,No Data Reported,0.264,0.055,1.132,No Data Reported,3.741
2015-07-01,0.227,0.476,1.906,2.609,No Data Reported,No Data Reported,0.027,0.065,0.721,No Data Reported,0.264,0.055,1.132,No Data Reported,3.746
2015-08-01,0.227,0.476,1.919,2.622,No Data Reported,No Data Reported,0.027,0.065,0.721,No Data Reported,0.264,0.055,1.132,No Data Reported,3.758
2015-09-01,0.227,0.466,1.919,2.612,No Data Reported,No Data Reported,0.027,0.065,0.724,No Data Reported,0.265,0.055,1.136,No Data Reported,3.752
2015-10-01,0.227,0.466,1.927,2.62,No Data Reported,No Data Reported,0.027,0.065,0.724,No Data Reported,0.265,0.055,1.136,No Data Reported,3.76
2015-11-01,0.227,0.466,1.932,2.625,No Data Reported,No Data Reported,0.027,0.065,0.724,No Data Reported,0.265,0.055,1.136,No Data Reported,3.765
2015-12-01,0.227,0.466,1.933,2.625,No Data Reported,No Data Reported,0.027,0.065,0.724,No Data Reported,0.282,0.055,1.153,0.003,3.785
2016-01-01,0.202,0.516,1.978,2.696,No Data Reported,No Data Reported,0.073,0.067,0.719,No Data Reported,0.29,0.057,1.207,0.003,3.909
2016-02-01,0.202,0.516,1.983,2.701,No Data Reported,No Data Reported,0.073,0.067,0.719,No Data Reported,0.29,0.057,1.207,0.003,3.915
2016-03-01,0.202,0.516,1.979,2.697,No Data Reported,No Data Reported,0.073,0.067,0.718,No Data Reported,0.29,0.057,1.206,0.003,3.909
2016-04-01,0.202,0.516,1.975,2.693,No Data Reported,No Data Reported,0.073,0.067,0.718,No Data Reported,0.292,0.057,1.208,0.003,3.907
2016-05-01,0.202,0.521,1.977,2.7,No Data Reported,No Data Reported,0.075,0.067,0.718,No Data Reported,0.293,0.057,1.21,0.003,3.917
2016-06-01,0.202,0.521,1.977,2.7,No Data Reported,No Data Reported,0.075,0.067,0.718,No Data Reported,0.293,0.057,1.21,0.003,3.917
2016-07-01,0.202,0.521,1.98,2.703,No Data Reported,No Data Reported,0.075,0.067,0.718,No Data Reported,0.293,0.057,1.209,0.003,3.919
2016-08-01,0.202,0.521,1.98,2.703,No Data Reported,No Data Reported,0.075,0.067,0.716,No Data Reported,0.295,0.057,1.21,0.003,3.92
2016-09-01,0.202,0.521,1.98,2.703,No Data Reported,No Data Reported,0.075,0.067,0.716,No Data Reported,0.296,0.057,1.211,0.003,3.921
2016-10-01,0.202,0.521,1.976,2.7,No Data Reported,No Data Reported,0.075,0.067,0.716,No Data Reported,0.297,0.057,1.211,0.003,3.918
2016-11-01,0.202,0.511,1.976,2.69,No Data Reported,No Data Reported,0.075,0.067,0.716,No Data Reported,0.297,0.057,1.211,0.003,3.908
2016-12-01,0.202,0.511,1.983,2.696,No Data Reported,No Data Reported,0.075,0.067,0.707,No Data Reported,0.301,0.057,1.207,0.003,3.909
2017-01-01,0.202,0.59,2.006,2.798,No Data Reported,No Data Reported,0.075,0.063,0.73,No Data Reported,0.304,0.061,1.234,0.003,4.043
2017-02-01,0.202,0.59,2.009,2.8,No Data Reported,No Data Reported,0.075,0.063,0.728,No Data Reported,0.304,0.061,1.231,0.003,4.043
2017-03-01,0.202,0.59,2.009,2.8,No Data Reported,No Data Reported,0.075,0.063,0.728,No Data Reported,0.304,0.062,1.233,0.003,4.045
2017-04-01,0.202,0.59,2.011,2.802,No Data Reported,No Data Reported,0.075,0.063,0.728,No Data Reported,0.304,0.062,1.233,0.003,4.047
2017-05-01,0.202,0.59,2.011,2.802,No Data Reported,No Data Reported,0.075,0.063,0.728,No Data Reported,0.304,0.062,1.233,0.003,4.047
2017-06-01,0.202,0.59,2.011,2.802,No Data Reported,No Data Reported,0.075,0.063,0.728,No Data Reported,0.304,0.061,1.231,0.003,4.045
2017-07-01,0.202,0.59,2.029,2.821,No Data Reported,No Data Reported,0.075,0.063,0.728,No Data Reported,0.304,0.061,1.231,0.003,4.064
2017-08-01,0.202,0.59,2.029,2.821,No Data Reported,No Data Reported,0.075,0.063,0.728,No Data Reported,0.304,0.061,1.231,0.003,4.063
2017-09-01,0.202,0.59,2.029,2.821,No Data Reported,No Data Reported,0.075,0.063,0.727,No Data Reported,0.304,0.061,1.23,0.003,4.062
2017-10-01,0.202,0.59,2.027,2.819,No Data Reported,No Data Reported,0.075,0.063,0.727,No Data Reported,0.304,0.061,1.23,0.003,4.06
2017-11-01,0.202,0.59,2.027,2.819,No Data Reported,No Data Reported,0.075,0.063,0.727,No Data Reported,0.31,0.061,1.235,0.003,4.066
2017-12-01,0.202,0.597,2.019,2.818,No Data Reported,No Data Reported,0.075,0.063,0.727,No Data Reported,0.312,0.061,1.237,0.003,4.066
2018-01-01,0.144,0.822,2.103,3.069,No Data Reported,No Data Reported,0.075,0.063,0.73,No Data Reported,0.316,0.072,1.255,0.003,4.33
2018-02-01,0.144,0.822,2.103,3.069,No Data Reported,No Data Reported,0.075,0.063,0.73,No Data Reported,0.316,0.072,1.255,0.003,4.331
2018-03-01,0.144,0.822,2.103,3.069,No Data Reported,No Data Reported,0.075,0.063,0.73,No Data Reported,0.316,0.073,1.256,0.003,4.332
2018-04-01,0.144,0.823,2.186,3.153,No Data Reported,No Data Reported,0.075,0.063,0.73,No Data Reported,0.315,0.073,1.255,0.003,4.421
2018-05-01,0.144,0.823,2.186,3.153,No Data Reported,No Data Reported,0.075,0.063,0.73,No Data Reported,0.32,0.07,1.257,0.003,4.423
2018-06-01,0.144,0.823,2.186,3.153,No Data Reported,No Data Reported,0.075,0.063,0.73,No Data Reported,0.323,0.07,1.26,0.003,4.426
2018-07-01,0.144,0.824,2.184,3.152,No Data Reported,No Data Reported,0.075,0.063,0.73,No Data Reported,0.323,0.073,1.263,0.003,4.428
2018-08-01,0.144,0.824,2.183,3.15,No Data Reported,No Data Reported,0.075,0.063,0.725,No Data Reported,0.323,0.073,1.259,0.003,4.423
2018-09-01,0.144,0.824,2.179,3.146,No Data Reported,No Data Reported,0.075,0.063,0.725,No Data Reported,0.325,0.073,1.262,0.003,4.421
2018-10-01,0.144,0.824,2.157,3.125,No Data Reported,No Data Reported,0.075,0.063,0.725,No Data Reported,0.325,0.073,1.262,0.003,4.4
2018-11-01,0.144,0.824,2.158,3.125,No Data Reported,No Data Reported,0.075,0.063,0.725,No Data Reported,0.325,0.073,1.262,0.003,4.4
2018-12-01,0.144,0.824,2.158,3.125,No Data Reported,No Data Reported,0.075,0.063,0.725,0.049,0.331,0.073,1.316,0.003,4.455
2019-01-01,0.123,0.858,2.221,3.202,No Data Reported,No Data Reported,0.075,0.063,0.714,0.049,0.358,0.073,1.333,0.012,4.557
2019-02-01,0.123,0.858,2.226,3.206,No Data Reported,No Data Reported,0.075,0.063,0.714,0.049,0.358,0.073,1.333,0.012,4.562
2019-03-01,0.123,0.858,2.227,3.208,No Data Reported,No Data Reported,0.075,0.063,0.65,0.049,0.359,0.073,1.27,0.012,4.501
2019-04-01,0.123,0.858,2.227,3.208,No Data Reported,No Data Reported,0.075,0.063,0.65,0.049,0.361,0.073,1.272,0.016,4.506
2019-05-01,0.123,0.858,2.237,3.218,No Data Reported,No Data Reported,0.075,0.063,0.652,0.049,0.361,0.073,1.274,0.016,4.518
2019-06-01,0.123,0.858,2.248,3.229,No Data Reported,No Data Reported,0.075,0.063,0.652,0.049,0.363,0.073,1.275,0.017,4.532
2019-07-01,0.123,0.858,2.248,3.229,No Data Reported,No Data Reported,0.075,0.063,0.652,0.049,0.374,0.073,1.286,0.03,4.557
2019-08-01,0.123,0.857,2.248,3.228,No Data Reported,No Data Reported,0.075,0.063,0.652,0.049,0.374,0.073,1.286,0.036,4.562
2019-09-01,0.123,0.858,2.248,3.229,No Data Reported,No Data Reported,0.075,0.063,0.652,0.049,0.374,0.073,1.286,0.036,4.563
2019-10-01,0.123,0.858,2.248,3.229,No Data Reported,No Data Reported,0.075,0.063,0.652,0.049,0.374,0.073,1.286,0.036,4.563
2019-11-01,0.123,0.858,2.249,3.23,No Data Reported,No Data Reported,0.075,0.063,0.652,0.049,0.38,0.073,1.292,0.036,4.569
2019-12-01,0.123,0.858,2.248,3.228,No Data Reported,No Data Reported,0.075,0.063,0.652,0.049,0.381,0.073,1.294,0.038,4.571
2020-01-01,0.061,0.876,2.342,3.278,No Data Reported,No Data Reported,0.074,0.063,0.643,0.049,0.376,0.068,1.274,0.04,4.602
2020-02-01,0.078,0.875,2.342,3.294,No Data Reported,No Data Reported,0.074,0.063,0.643,0.049,0.376,0.068,1.274,0.04,4.619
2020-03-01,0.078,0.875,2.342,3.294,No Data Reported,No Data Reported,0.074,0.063,0.643,0.049,0.381,0.068,1.278,0.04,4.623
2020-04-01,0.078,0.87,2.342,3.29,No Data Reported,No Data Reported,0.074,0.063,0.643,0.049,0.383,0.068,1.28,0.04,4.621
2020-05-01,0.078,0.87,2.333,3.281,No Data Reported,No Data Reported,0.074,0.063,0.643,0.049,0.383,0.068,1.28,0.04,4.612
2020-06-01,0.078,0.872,2.336,3.285,No Data Reported,No Data Reported,0.074,0.063,0.644,0.049,0.385,0.068,1.283,0.041,4.62
2020-07-01,0.078,0.875,2.337,3.29,No Data Reported,No Data Reported,0.074,0.063,0.64,0.049,0.385,0.068,1.279,0.041,4.621
2020-08-01,0.078,0.875,2.339,3.292,No Data Reported,No Data Reported,0.074,0.063,0.64,0.049,0.385,0.068,1.279,0.041,4.623
2020-09-01,0.078,0.876,2.34,3.294,No Data Reported,No Data Reported,0.074,0.063,0.64,0.049,0.385,0.068,1.279,0.041,4.625
2020-10-01,0.078,0.876,2.343,3.296,No Data Reported,No Data Reported,0.074,0.063,0.653,0.049,0.385,0.068,1.292,0.041,4.64
2020-11-01,0.078,0.876,2.344,3.297,No Data Reported,No Data Reported,0.074,0.063,0.653,0.049,0.385,0.068,1.292,0.041,4.641
2020-12-01,0.078,0.876,2.345,3.299,No Data Reported,No Data Reported,0.074,0.063,0.653,0.049,0.385,0.068,1.292,0.041,4.643
2021-01-01,0.078,0.915,2.216,3.209,No Data Reported,No Data Reported,0.087,0.137,0.689,0.049,0.393,0.068,1.424,0.041,4.68
2021-02-01,0.078,0.914,2.215,3.206,No Data Reported,No Data Reported,0.087,0.137,0.689,0.049,0.394,0.068,1.425,0.041,4.679
2021-03-01,0.078,0.914,2.216,3.207,No Data Reported,No Data Reported,0.087,0.137,0.689,0.049,0.396,0.068,1.427,0.041,4.681
2021-04-01,0.078,0.914,2.231,3.222,No Data Reported,No Data Reported,0.087,0.137,0.689,0.074,0.397,0.068,1.453,0.041,4.722
2021-05-01,0.078,0.914,2.238,3.229,No Data Reported,No Data Reported,0.087,0.137,0.689,0.074,0.397,0.068,1.453,0.041,4.728
2021-06-01,0.078,0.914,2.231,3.222,No Data Reported,No Data Reported,0.087,0.137,0.691,0.074,0.397,0.068,1.454,0.043,4.725
2021-07-01,0.078,0.917,2.23,3.224,No Data Reported,No Data Reported,0.087,0.137,0.691,0.074,0.407,0.068,1.464,0.043,4.737
2021-08-01,0.078,0.917,2.236,3.23,No Data Reported,No Data Reported,0.085,0.137,0.691,0.074,0.407,0.068,1.461,0.043,4.741
2021-09-01,0.078,0.916,2.251,3.245,No Data Reported,No Data Reported,0.085,0.137,0.691,0.074,0.407,0.068,1.461,0.043,4.756
2021-10-01,0.078,0.916,2.26,3.254,No Data Reported,No Data Reported,0.085,0.137,0.691,0.074,0.41,0.068,1.465,0.043,4.768
2021-11-01,0.078,0.916,2.266,3.26,No Data Reported,No Data Reported,0.085,0.137,0.681,0.074,0.413,0.068,1.458,0.045,4.769
2021-12-01,0.078,0.914,2.273,3.264,No Data Reported,No Data Reported,0.085,0.137,0.681,0.074,0.413,0.068,1.458,0.045,4.773
2022-01-01,0.049,0.956,2.317,3.322,No Data Reported,No Data Reported,0.085,0.137,1.281,No Data Reported,0.427,0.07,2,0.046,5.373
2022-02-01,0.049,0.956,2.348,3.352,No Data Reported,No Data Reported,0.085,0.137,1.281,No Data Reported,0.427,0.07,2,0.046,5.404
2022-03-01,0.049,0.956,2.366,3.37,No Data Reported,No Data Reported,0.085,0.137,1.281,No Data Reported,0.438,0.07,2.011,0.046,5.433
2022-04-01,0.049,0.956,2.365,3.369,No Data Reported,No Data Reported,0.085,0.137,1.273,No Data Reported,0.438,0.07,2.003,0.046,5.424
2022-05-01,0.048,0.958,2.365,3.371,No Data Reported,No Data Reported,0.088,0.137,1.273,No Data Reported,0.442,0.07,2.01,0.046,5.432
2022-06-01,0.048,0.959,2.36,3.367,No Data Reported,No Data Reported,0.088,0.137,1.273,No Data Reported,0.443,0.07,2.011,0.046,5.429
2022-07-01,0.048,0.959,2.36,3.367,No Data Reported,No Data Reported,0.088,0.137,1.273,No Data Reported,0.443,0.07,2.011,0.046,5.429
2022-08-01,0.048,0.959,2.36,3.367,No Data Reported,No Data Reported,0.088,0.137,1.273,No Data Reported,0.443,0.07,2.011,0.046,5.429
2022-09-01,0.048,0.954,2.354,3.356,No Data Reported,No Data Reported,0.088,0.137,1.273,No Data Reported,0.443,0.07,2.011,0.046,5.419
2022-10-01,0.048,0.954,2.36,3.362,No Data Reported,No Data Reported,0.088,0.137,1.273,No Data Reported,0.444,0.07,2.013,0.046,5.426
2022-11-01,0.048,0.956,2.366,3.369,No Data Reported,No Data Reported,0.088,0.137,1.273,No Data Reported,0.444,0.07,2.013,0.047,5.435
2022-12-01,0.048,0.958,2.378,3.384,No Data Reported,No Data Reported,0.088,0.137,1.273,No Data Reported,0.444,0.07,2.013,0.047,5.45
2023-01-01,0.048,0.964,2.361,3.373,No Data Reported,No Data Reported,0.088,0.137,1.271,No Data Reported,0.444,0.07,2.01,0.048,5.437
2023-02-01,0.048,0.962,2.362,3.372,No Data Reported,No Data Reported,0.088,0.137,1.271,No Data Reported,0.444,0.07,2.01,0.048,5.437
2023-03-01,0.048,0.962,2.365,3.375,No Data Reported,No Data Reported,0.088,0.137,1.271,No Data Reported,0.444,0.069,2.009,0.048,5.438
2023-04-01,0.048,0.962,2.365,3.375,No Data Reported,No Data Reported,0.088,0.137,1.271,No Data Reported,0.444,0.069,2.009,0.049,5.439
2023-05-01,0.048,0.962,2.365,3.375,No Data Reported,No Data Reported,0.088,0.137,1.271,No Data Reported,0.444,0.069,2.009,0.049,5.439
2023-06-01,0.048,0.962,2.365,3.375,No Data Reported,No Data Reported,0.088,0.137,1.272,No Data Reported,0.444,0.069,2.01,0.049,5.44
2023-07-01,0.048,0.962,2.365,3.375,No Data Reported,No Data Reported,0.088,0.137,1.272,No Data Reported,0.444,0.069,2.01,0.049,5.44
2023-08-01,0.048,0.961,2.365,3.374,No Data Reported,No Data Reported,0.088,0.137,1.272,No Data Reported,0.444,0.069,2.01,0.049,5.44
2023-09-01,0.048,0.961,2.363,3.372,No Data Reported,No Data Reported,0.088,0.137,1.272,No Data Reported,0.443,0.069,2.009,0.049,5.437
2023-10-01,0.048,0.961,2.357,3.366,No Data Reported,No Data Reported,0.088,0.137,1.272,No Data Reported,0.446,0.069,2.012,0.049,5.433
2023-11-01,0.048,0.96,2.356,3.364,No Data Reported,No Data Reported,0.088,0.137,1.272,No Data Reported,0.446,0.069,2.012,0.049,5.431
2023-12-01,0.048,0.96,2.347,3.356,No Data Reported,No Data Reported,0.088,0.137,1.272,No Data Reported,0.449,0.069,2.015,0.049,5.425
2024-01-01,0.048,0.96,2.346,3.354,No Data Reported,No Data Reported,0.088,0.137,1.272,No Data Reported,0.45,0.069,2.016,0.049,5.426
2024-02-01,0.048,0.96,2.346,3.354,No Data Reported,No Data Reported,0.088,0.137,1.272,No Data Reported,0.45,0.069,2.016,0.049,5.426
2024-03-01,0.048,0.96,2.345,3.353,No Data Reported,No Data Reported,0.088,0.137,1.272,No Data Reported,0.45,0.069,2.016,0.049,5.424
2024-04-01,0.048,0.96,2.345,3.353,No Data Reported,No Data Reported,0.088,0.137,1.272,No Data Reported,0.45,0.069,2.016,0.049,5.424
2024-05-01,0.048,0.96,2.395,3.403,No Data Reported,No Data Reported,0.088,0.137,1.272,No Data Reported,0.451,0.069,2.017,0.049,5.476
2024-06-01,0.048,0.96,2.395,3.403,No Data Reported,No Data Reported,0.088,0.137,1.272,No Data Reported,0.451,0.069,2.017,0.049,5.476
2024-07-01,0.048,0.96,2.395,3.403,No Data Reported,No Data Reported,0.088,0.137,1.226,No Data Reported,0.451,0.069,1.971,0.049,5.429
2024-08-01,0.048,0.96,2.395,3.403,No Data Reported,No Data Reported,0.088,0.137,1.226,No Data Reported,0.451,0.069,1.971,0.049,5.429
2024-09-01,0.048,0.96,2.396,3.404,No Data Reported,No Data Reported,0.088,0.137,1.226,No Data Reported,0.451,0.069,1.971,0.049,5.43
