Month,"Coal Industrial Sector, Net Summer Capacity","Petroleum Industrial Sector, Net Summer Capacity","Natural Gas Industrial Sector, Net Summer Capacity","Fossil Fuels Industrial Sector, Net Summer Capacity","Nuclear Industrial Sector, Net Summer Capacity","Hydroelectric Pumped Storage Industrial Sector, Net Summer Capacity","Conventional Hydroelectric Power Industrial Sector, Net Summer Capacity","Wood Industrial Sector, Net Summer Capacity","Waste Industrial Sector, Net Summer Capacity","Geothermal Industrial Sector, Net Summer Capacity ","Solar Industrial Sector, Net Summer Capacity","Wind Industrial Sector, Net Summer Capacity","Renewable Energy Industrial Sector, Net Summer Capacity ","Battery Storage Industrial Sector, Net Summer Capacity","Total Industrial Sector, Net Summer Capacity"
1989-01-01,Not Available,Not Available,Not Available,Not Available,Not Available,Not Available,Not Available,Not Available,Not Available,Not Available,Not Available,Not Available,Not Available,Not Available,Not Available
1989-02-01,Not Available,Not Available,Not Available,Not Available,Not Available,Not Available,Not Available,Not Available,Not Available,Not Available,Not Available,Not Available,Not Available,Not Available,Not Available
1989-03-01,Not Available,Not Available,Not Available,Not Available,Not Available,Not Available,Not Available,Not Available,Not Available,Not Available,Not Available,Not Available,Not Available,Not Available,Not Available
1989-04-01,Not Available,Not Available,Not Available,Not Available,Not Available,Not Available,Not Available,Not Available,Not Available,Not Available,Not Available,Not Available,Not Available,Not Available,Not Available
1989-05-01,Not Available,Not Available,Not Available,Not Available,Not Available,Not Available,Not Available,Not Available,Not Available,Not Available,Not Available,Not Available,Not Available,Not Available,Not Available
1989-06-01,Not Available,Not Available,Not Available,Not Available,Not Available,Not Available,Not Available,Not Available,Not Available,Not Available,Not Available,Not Available,Not Available,Not Available,Not Available
1989-07-01,Not Available,Not Available,Not Available,Not Available,Not Available,Not Available,Not Available,Not Available,Not Available,Not Available,Not Available,Not Available,Not Available,Not Available,Not Available
1989-08-01,Not Available,Not Available,Not Available,Not Available,Not Available,Not Available,Not Available,Not Available,Not Available,Not Available,Not Available,Not Available,Not Available,Not Available,Not Available
1989-09-01,Not Available,Not Available,Not Available,Not Available,Not Available,Not Available,Not Available,Not Available,Not Available,Not Available,Not Available,Not Available,Not Available,Not Available,Not Available
1989-10-01,Not Available,Not Available,Not Available,Not Available,Not Available,Not Available,Not Available,Not Available,Not Available,Not Available,Not Available,Not Available,Not Available,Not Available,Not Available
1989-11-01,Not Available,Not Available,Not Available,Not Available,Not Available,Not Available,Not Available,Not Available,Not Available,Not Available,Not Available,Not Available,Not Available,Not Available,Not Available
1989-12-01,4.839,0.738,9.719,16.477,No Data Reported,No Data Reported,0.513,4.117,0.176,No Data Reported,No Data Reported,No Data Reported,4.806,No Data Reported,21.754
1990-01-01,Not Available,Not Available,Not Available,Not Available,Not Available,Not Available,Not Available,Not Available,Not Available,Not Available,Not Available,Not Available,Not Available,Not Available,Not Available
1990-02-01,Not Available,Not Available,Not Available,Not Available,Not Available,Not Available,Not Available,Not Available,Not Available,Not Available,Not Available,Not Available,Not Available,Not Available,Not Available
1990-03-01,Not Available,Not Available,Not Available,Not Available,Not Available,Not Available,Not Available,Not Available,Not Available,Not Available,Not Available,Not Available,Not Available,Not Available,Not Available
1990-04-01,Not Available,Not Available,Not Available,Not Available,Not Available,Not Available,Not Available,Not Available,Not Available,Not Available,Not Available,Not Available,Not Available,Not Available,Not Available
1990-05-01,Not Available,Not Available,Not Available,Not Available,Not Available,Not Available,Not Available,Not Available,Not Available,Not Available,Not Available,Not Available,Not Available,Not Available,Not Available
1990-06-01,Not Available,Not Available,Not Available,Not Available,Not Available,Not Available,Not Available,Not Available,Not Available,Not Available,Not Available,Not Available,Not Available,Not Available,Not Available
1990-07-01,Not Available,Not Available,Not Available,Not Available,Not Available,Not Available,Not Available,Not Available,Not Available,Not Available,Not Available,Not Available,Not Available,Not Available,Not Available
1990-08-01,Not Available,Not Available,Not Available,Not Available,Not Available,Not Available,Not Available,Not Available,Not Available,Not Available,Not Available,Not Available,Not Available,Not Available,Not Available
1990-09-01,Not Available,Not Available,Not Available,Not Available,Not Available,Not Available,Not Available,Not Available,Not Available,Not Available,Not Available,Not Available,Not Available,Not Available,Not Available
1990-10-01,Not Available,Not Available,Not Available,Not Available,Not Available,Not Available,Not Available,Not Available,Not Available,Not Available,Not Available,Not Available,Not Available,Not Available,Not Available
1990-11-01,Not Available,Not Available,Not Available,Not Available,Not Available,Not Available,Not Available,Not Available,Not Available,Not Available,Not Available,Not Available,Not Available,Not Available,Not Available
1990-12-01,4.799,0.926,10.266,17.256,No Data Reported,No Data Reported,0.551,4.336,0.219,No Data Reported,No Data Reported,No Data Reported,5.107,No Data Reported,22.865
1991-01-01,Not Available,Not Available,Not Available,Not Available,Not Available,Not Available,Not Available,Not Available,Not Available,Not Available,Not Available,Not Available,Not Available,Not Available,Not Available
1991-02-01,Not Available,Not Available,Not Available,Not Available,Not Available,Not Available,Not Available,Not Available,Not Available,Not Available,Not Available,Not Available,Not Available,Not Available,Not Available
1991-03-01,Not Available,Not Available,Not Available,Not Available,Not Available,Not Available,Not Available,Not Available,Not Available,Not Available,Not Available,Not Available,Not Available,Not Available,Not Available
1991-04-01,Not Available,Not Available,Not Available,Not Available,Not Available,Not Available,Not Available,Not Available,Not Available,Not Available,Not Available,Not Available,Not Available,Not Available,Not Available
1991-05-01,Not Available,Not Available,Not Available,Not Available,Not Available,Not Available,Not Available,Not Available,Not Available,Not Available,Not Available,Not Available,Not Available,Not Available,Not Available
1991-06-01,Not Available,Not Available,Not Available,Not Available,Not Available,Not Available,Not Available,Not Available,Not Available,Not Available,Not Available,Not Available,Not Available,Not Available,Not Available
1991-07-01,Not Available,Not Available,Not Available,Not Available,Not Available,Not Available,Not Available,Not Available,Not Available,Not Available,Not Available,Not Available,Not Available,Not Available,Not Available
1991-08-01,Not Available,Not Available,Not Available,Not Available,Not Available,Not Available,Not Available,Not Available,Not Available,Not Available,Not Available,Not Available,Not Available,Not Available,Not Available
1991-09-01,Not Available,Not Available,Not Available,Not Available,Not Available,Not Available,Not Available,Not Available,Not Available,Not Available,Not Available,Not Available,Not Available,Not Available,Not Available
1991-10-01,Not Available,Not Available,Not Available,Not Available,Not Available,Not Available,Not Available,Not Available,Not Available,Not Available,Not Available,Not Available,Not Available,Not Available,Not Available
1991-11-01,Not Available,Not Available,Not Available,Not Available,Not Available,Not Available,Not Available,Not Available,Not Available,Not Available,Not Available,Not Available,Not Available,Not Available,Not Available
1991-12-01,4.725,1.101,9.814,17.051,No Data Reported,No Data Reported,0.565,4.816,0.245,No Data Reported,No Data Reported,No Data Reported,5.625,No Data Reported,23.214
1992-01-01,Not Available,Not Available,Not Available,Not Available,Not Available,Not Available,Not Available,Not Available,Not Available,Not Available,Not Available,Not Available,Not Available,Not Available,Not Available
1992-02-01,Not Available,Not Available,Not Available,Not Available,Not Available,Not Available,Not Available,Not Available,Not Available,Not Available,Not Available,Not Available,Not Available,Not Available,Not Available
1992-03-01,Not Available,Not Available,Not Available,Not Available,Not Available,Not Available,Not Available,Not Available,Not Available,Not Available,Not Available,Not Available,Not Available,Not Available,Not Available
1992-04-01,Not Available,Not Available,Not Available,Not Available,Not Available,Not Available,Not Available,Not Available,Not Available,Not Available,Not Available,Not Available,Not Available,Not Available,Not Available
1992-05-01,Not Available,Not Available,Not Available,Not Available,Not Available,Not Available,Not Available,Not Available,Not Available,Not Available,Not Available,Not Available,Not Available,Not Available,Not Available
1992-06-01,Not Available,Not Available,Not Available,Not Available,Not Available,Not Available,Not Available,Not Available,Not Available,Not Available,Not Available,Not Available,Not Available,Not Available,Not Available
1992-07-01,Not Available,Not Available,Not Available,Not Available,Not Available,Not Available,Not Available,Not Available,Not Available,Not Available,Not Available,Not Available,Not Available,Not Available,Not Available
1992-08-01,Not Available,Not Available,Not Available,Not Available,Not Available,Not Available,Not Available,Not Available,Not Available,Not Available,Not Available,Not Available,Not Available,Not Available,Not Available
1992-09-01,Not Available,Not Available,Not Available,Not Available,Not Available,Not Available,Not Available,Not Available,Not Available,Not Available,Not Available,Not Available,Not Available,Not Available,Not Available
1992-10-01,Not Available,Not Available,Not Available,Not Available,Not Available,Not Available,Not Available,Not Available,Not Available,Not Available,Not Available,Not Available,Not Available,Not Available,Not Available
1992-11-01,Not Available,Not Available,Not Available,Not Available,Not Available,Not Available,Not Available,Not Available,Not Available,Not Available,Not Available,Not Available,Not Available,Not Available,Not Available
1992-12-01,4.849,1.111,10.302,17.635,No Data Reported,No Data Reported,0.578,4.805,0.263,No Data Reported,No Data Reported,No Data Reported,5.646,No Data Reported,23.826
1993-01-01,Not Available,Not Available,Not Available,Not Available,Not Available,Not Available,Not Available,Not Available,Not Available,Not Available,Not Available,Not Available,Not Available,Not Available,Not Available
1993-02-01,Not Available,Not Available,Not Available,Not Available,Not Available,Not Available,Not Available,Not Available,Not Available,Not Available,Not Available,Not Available,Not Available,Not Available,Not Available
1993-03-01,Not Available,Not Available,Not Available,Not Available,Not Available,Not Available,Not Available,Not Available,Not Available,Not Available,Not Available,Not Available,Not Available,Not Available,Not Available
1993-04-01,Not Available,Not Available,Not Available,Not Available,Not Available,Not Available,Not Available,Not Available,Not Available,Not Available,Not Available,Not Available,Not Available,Not Available,Not Available
1993-05-01,Not Available,Not Available,Not Available,Not Available,Not Available,Not Available,Not Available,Not Available,Not Available,Not Available,Not Available,Not Available,Not Available,Not Available,Not Available
1993-06-01,Not Available,Not Available,Not Available,Not Available,Not Available,Not Available,Not Available,Not Available,Not Available,Not Available,Not Available,Not Available,Not Available,Not Available,Not Available
1993-07-01,Not Available,Not Available,Not Available,Not Available,Not Available,Not Available,Not Available,Not Available,Not Available,Not Available,Not Available,Not Available,Not Available,Not Available,Not Available
1993-08-01,Not Available,Not Available,Not Available,Not Available,Not Available,Not Available,Not Available,Not Available,Not Available,Not Available,Not Available,Not Available,Not Available,Not Available,Not Available
1993-09-01,Not Available,Not Available,Not Available,Not Available,Not Available,Not Available,Not Available,Not Available,Not Available,Not Available,Not Available,Not Available,Not Available,Not Available,Not Available
1993-10-01,Not Available,Not Available,Not Available,Not Available,Not Available,Not Available,Not Available,Not Available,Not Available,Not Available,Not Available,Not Available,Not Available,Not Available,Not Available
1993-11-01,Not Available,Not Available,Not Available,Not Available,Not Available,Not Available,Not Available,Not Available,Not Available,Not Available,Not Available,Not Available,Not Available,Not Available,Not Available
1993-12-01,4.905,0.979,10.861,17.978,No Data Reported,No Data Reported,0.59,4.974,0.258,No Data Reported,No Data Reported,No Data Reported,5.821,No Data Reported,24.349
1994-01-01,Not Available,Not Available,Not Available,Not Available,Not Available,Not Available,Not Available,Not Available,Not Available,Not Available,Not Available,Not Available,Not Available,Not Available,Not Available
1994-02-01,Not Available,Not Available,Not Available,Not Available,Not Available,Not Available,Not Available,Not Available,Not Available,Not Available,Not Available,Not Available,Not Available,Not Available,Not Available
1994-03-01,Not Available,Not Available,Not Available,Not Available,Not Available,Not Available,Not Available,Not Available,Not Available,Not Available,Not Available,Not Available,Not Available,Not Available,Not Available
1994-04-01,Not Available,Not Available,Not Available,Not Available,Not Available,Not Available,Not Available,Not Available,Not Available,Not Available,Not Available,Not Available,Not Available,Not Available,Not Available
1994-05-01,Not Available,Not Available,Not Available,Not Available,Not Available,Not Available,Not Available,Not Available,Not Available,Not Available,Not Available,Not Available,Not Available,Not Available,Not Available
1994-06-01,Not Available,Not Available,Not Available,Not Available,Not Available,Not Available,Not Available,Not Available,Not Available,Not Available,Not Available,Not Available,Not Available,Not Available,Not Available
1994-07-01,Not Available,Not Available,Not Available,Not Available,Not Available,Not Available,Not Available,Not Available,Not Available,Not Available,Not Available,Not Available,Not Available,Not Available,Not Available
1994-08-01,Not Available,Not Available,Not Available,Not Available,Not Available,Not Available,Not Available,Not Available,Not Available,Not Available,Not Available,Not Available,Not Available,Not Available,Not Available
1994-09-01,Not Available,Not Available,Not Available,Not Available,Not Available,Not Available,Not Available,Not Available,Not Available,Not Available,Not Available,Not Available,Not Available,Not Available,Not Available
1994-10-01,Not Available,Not Available,Not Available,Not Available,Not Available,Not Available,Not Available,Not Available,Not Available,Not Available,Not Available,Not Available,Not Available,Not Available,Not Available
1994-11-01,Not Available,Not Available,Not Available,Not Available,Not Available,Not Available,Not Available,Not Available,Not Available,Not Available,Not Available,Not Available,Not Available,Not Available,Not Available
1994-12-01,5.032,1.029,11.044,18.5,No Data Reported,No Data Reported,1.115,4.968,0.253,No Data Reported,No Data Reported,No Data Reported,6.336,No Data Reported,25.386
1995-01-01,Not Available,Not Available,Not Available,Not Available,Not Available,Not Available,Not Available,Not Available,Not Available,Not Available,Not Available,Not Available,Not Available,Not Available,Not Available
1995-02-01,Not Available,Not Available,Not Available,Not Available,Not Available,Not Available,Not Available,Not Available,Not Available,Not Available,Not Available,Not Available,Not Available,Not Available,Not Available
1995-03-01,Not Available,Not Available,Not Available,Not Available,Not Available,Not Available,Not Available,Not Available,Not Available,Not Available,Not Available,Not Available,Not Available,Not Available,Not Available
1995-04-01,Not Available,Not Available,Not Available,Not Available,Not Available,Not Available,Not Available,Not Available,Not Available,Not Available,Not Available,Not Available,Not Available,Not Available,Not Available
1995-05-01,Not Available,Not Available,Not Available,Not Available,Not Available,Not Available,Not Available,Not Available,Not Available,Not Available,Not Available,Not Available,Not Available,Not Available,Not Available
1995-06-01,Not Available,Not Available,Not Available,Not Available,Not Available,Not Available,Not Available,Not Available,Not Available,Not Available,Not Available,Not Available,Not Available,Not Available,Not Available
1995-07-01,Not Available,Not Available,Not Available,Not Available,Not Available,Not Available,Not Available,Not Available,Not Available,Not Available,Not Available,Not Available,Not Available,Not Available,Not Available
1995-08-01,Not Available,Not Available,Not Available,Not Available,Not Available,Not Available,Not Available,Not Available,Not Available,Not Available,Not Available,Not Available,Not Available,Not Available,Not Available
1995-09-01,Not Available,Not Available,Not Available,Not Available,Not Available,Not Available,Not Available,Not Available,Not Available,Not Available,Not Available,Not Available,Not Available,Not Available,Not Available
1995-10-01,Not Available,Not Available,Not Available,Not Available,Not Available,Not Available,Not Available,Not Available,Not Available,Not Available,Not Available,Not Available,Not Available,Not Available,Not Available
1995-11-01,Not Available,Not Available,Not Available,Not Available,Not Available,Not Available,Not Available,Not Available,Not Available,Not Available,Not Available,Not Available,Not Available,Not Available,Not Available
1995-12-01,5.028,0.961,11.339,18.698,No Data Reported,No Data Reported,1.106,4.927,0.243,No Data Reported,No Data Reported,No Data Reported,6.276,No Data Reported,25.524
1996-01-01,Not Available,Not Available,Not Available,Not Available,Not Available,Not Available,Not Available,Not Available,Not Available,Not Available,Not Available,Not Available,Not Available,Not Available,Not Available
1996-02-01,Not Available,Not Available,Not Available,Not Available,Not Available,Not Available,Not Available,Not Available,Not Available,Not Available,Not Available,Not Available,Not Available,Not Available,Not Available
1996-03-01,Not Available,Not Available,Not Available,Not Available,Not Available,Not Available,Not Available,Not Available,Not Available,Not Available,Not Available,Not Available,Not Available,Not Available,Not Available
1996-04-01,Not Available,Not Available,Not Available,Not Available,Not Available,Not Available,Not Available,Not Available,Not Available,Not Available,Not Available,Not Available,Not Available,Not Available,Not Available
1996-05-01,Not Available,Not Available,Not Available,Not Available,Not Available,Not Available,Not Available,Not Available,Not Available,Not Available,Not Available,Not Available,Not Available,Not Available,Not Available
1996-06-01,Not Available,Not Available,Not Available,Not Available,Not Available,Not Available,Not Available,Not Available,Not Available,Not Available,Not Available,Not Available,Not Available,Not Available,Not Available
1996-07-01,Not Available,Not Available,Not Available,Not Available,Not Available,Not Available,Not Available,Not Available,Not Available,Not Available,Not Available,Not Available,Not Available,Not Available,Not Available
1996-08-01,Not Available,Not Available,Not Available,Not Available,Not Available,Not Available,Not Available,Not Available,Not Available,Not Available,Not Available,Not Available,Not Available,Not Available,Not Available
1996-09-01,Not Available,Not Available,Not Available,Not Available,Not Available,Not Available,Not Available,Not Available,Not Available,Not Available,Not Available,Not Available,Not Available,Not Available,Not Available
1996-10-01,Not Available,Not Available,Not Available,Not Available,Not Available,Not Available,Not Available,Not Available,Not Available,Not Available,Not Available,Not Available,Not Available,Not Available,Not Available
1996-11-01,Not Available,Not Available,Not Available,Not Available,Not Available,Not Available,Not Available,Not Available,Not Available,Not Available,Not Available,Not Available,Not Available,Not Available,Not Available
1996-12-01,4.972,0.903,11.482,18.96,No Data Reported,No Data Reported,1.106,5.07,0.238,No Data Reported,No Data Reported,No Data Reported,6.414,No Data Reported,25.923
1997-01-01,Not Available,Not Available,Not Available,Not Available,Not Available,Not Available,Not Available,Not Available,Not Available,Not Available,Not Available,Not Available,Not Available,Not Available,Not Available
1997-02-01,Not Available,Not Available,Not Available,Not Available,Not Available,Not Available,Not Available,Not Available,Not Available,Not Available,Not Available,Not Available,Not Available,Not Available,Not Available
1997-03-01,Not Available,Not Available,Not Available,Not Available,Not Available,Not Available,Not Available,Not Available,Not Available,Not Available,Not Available,Not Available,Not Available,Not Available,Not Available
1997-04-01,Not Available,Not Available,Not Available,Not Available,Not Available,Not Available,Not Available,Not Available,Not Available,Not Available,Not Available,Not Available,Not Available,Not Available,Not Available
1997-05-01,Not Available,Not Available,Not Available,Not Available,Not Available,Not Available,Not Available,Not Available,Not Available,Not Available,Not Available,Not Available,Not Available,Not Available,Not Available
1997-06-01,Not Available,Not Available,Not Available,Not Available,Not Available,Not Available,Not Available,Not Available,Not Available,Not Available,Not Available,Not Available,Not Available,Not Available,Not Available
1997-07-01,Not Available,Not Available,Not Available,Not Available,Not Available,Not Available,Not Available,Not Available,Not Available,Not Available,Not Available,Not Available,Not Available,Not Available,Not Available
1997-08-01,Not Available,Not Available,Not Available,Not Available,Not Available,Not Available,Not Available,Not Available,Not Available,Not Available,Not Available,Not Available,Not Available,Not Available,Not Available
1997-09-01,Not Available,Not Available,Not Available,Not Available,Not Available,Not Available,Not Available,Not Available,Not Available,Not Available,Not Available,Not Available,Not Available,Not Available,Not Available
1997-10-01,Not Available,Not Available,Not Available,Not Available,Not Available,Not Available,Not Available,Not Available,Not Available,Not Available,Not Available,Not Available,Not Available,Not Available,Not Available
1997-11-01,Not Available,Not Available,Not Available,Not Available,Not Available,Not Available,Not Available,Not Available,Not Available,Not Available,Not Available,Not Available,Not Available,Not Available,Not Available
1997-12-01,4.83,1.078,11.945,19.167,No Data Reported,No Data Reported,1.102,5.141,0.236,No Data Reported,No Data Reported,No Data Reported,6.478,No Data Reported,26.198
1998-01-01,Not Available,Not Available,Not Available,Not Available,Not Available,Not Available,Not Available,Not Available,Not Available,Not Available,Not Available,Not Available,Not Available,Not Available,Not Available
1998-02-01,Not Available,Not Available,Not Available,Not Available,Not Available,Not Available,Not Available,Not Available,Not Available,Not Available,Not Available,Not Available,Not Available,Not Available,Not Available
1998-03-01,Not Available,Not Available,Not Available,Not Available,Not Available,Not Available,Not Available,Not Available,Not Available,Not Available,Not Available,Not Available,Not Available,Not Available,Not Available
1998-04-01,Not Available,Not Available,Not Available,Not Available,Not Available,Not Available,Not Available,Not Available,Not Available,Not Available,Not Available,Not Available,Not Available,Not Available,Not Available
1998-05-01,Not Available,Not Available,Not Available,Not Available,Not Available,Not Available,Not Available,Not Available,Not Available,Not Available,Not Available,Not Available,Not Available,Not Available,Not Available
1998-06-01,Not Available,Not Available,Not Available,Not Available,Not Available,Not Available,Not Available,Not Available,Not Available,Not Available,Not Available,Not Available,Not Available,Not Available,Not Available
1998-07-01,Not Available,Not Available,Not Available,Not Available,Not Available,Not Available,Not Available,Not Available,Not Available,Not Available,Not Available,Not Available,Not Available,Not Available,Not Available
1998-08-01,Not Available,Not Available,Not Available,Not Available,Not Available,Not Available,Not Available,Not Available,Not Available,Not Available,Not Available,Not Available,Not Available,Not Available,Not Available
1998-09-01,Not Available,Not Available,Not Available,Not Available,Not Available,Not Available,Not Available,Not Available,Not Available,Not Available,Not Available,Not Available,Not Available,Not Available,Not Available
1998-10-01,Not Available,Not Available,Not Available,Not Available,Not Available,Not Available,Not Available,Not Available,Not Available,Not Available,Not Available,Not Available,Not Available,Not Available,Not Available
1998-11-01,Not Available,Not Available,Not Available,Not Available,Not Available,Not Available,Not Available,Not Available,Not Available,Not Available,Not Available,Not Available,Not Available,Not Available,Not Available
1998-12-01,4.577,1.034,12.012,19.088,No Data Reported,No Data Reported,1.139,5.001,0.209,No Data Reported,No Data Reported,No Data Reported,6.349,No Data Reported,26.019
1999-01-01,Not Available,Not Available,Not Available,Not Available,Not Available,Not Available,Not Available,Not Available,Not Available,Not Available,Not Available,Not Available,Not Available,Not Available,Not Available
1999-02-01,Not Available,Not Available,Not Available,Not Available,Not Available,Not Available,Not Available,Not Available,Not Available,Not Available,Not Available,Not Available,Not Available,Not Available,Not Available
1999-03-01,Not Available,Not Available,Not Available,Not Available,Not Available,Not Available,Not Available,Not Available,Not Available,Not Available,Not Available,Not Available,Not Available,Not Available,Not Available
1999-04-01,Not Available,Not Available,Not Available,Not Available,Not Available,Not Available,Not Available,Not Available,Not Available,Not Available,Not Available,Not Available,Not Available,Not Available,Not Available
1999-05-01,Not Available,Not Available,Not Available,Not Available,Not Available,Not Available,Not Available,Not Available,Not Available,Not Available,Not Available,Not Available,Not Available,Not Available,Not Available
1999-06-01,Not Available,Not Available,Not Available,Not Available,Not Available,Not Available,Not Available,Not Available,Not Available,Not Available,Not Available,Not Available,Not Available,Not Available,Not Available
1999-07-01,Not Available,Not Available,Not Available,Not Available,Not Available,Not Available,Not Available,Not Available,Not Available,Not Available,Not Available,Not Available,Not Available,Not Available,Not Available
1999-08-01,Not Available,Not Available,Not Available,Not Available,Not Available,Not Available,Not Available,Not Available,Not Available,Not Available,Not Available,Not Available,Not Available,Not Available,Not Available
1999-09-01,Not Available,Not Available,Not Available,Not Available,Not Available,Not Available,Not Available,Not Available,Not Available,Not Available,Not Available,Not Available,Not Available,Not Available,Not Available
1999-10-01,Not Available,Not Available,Not Available,Not Available,Not Available,Not Available,Not Available,Not Available,Not Available,Not Available,Not Available,Not Available,Not Available,Not Available,Not Available
1999-11-01,Not Available,Not Available,Not Available,Not Available,Not Available,Not Available,Not Available,Not Available,Not Available,Not Available,Not Available,Not Available,Not Available,Not Available,Not Available
1999-12-01,4.443,1.062,12.877,20.072,No Data Reported,No Data Reported,1.097,4.95,0.201,No Data Reported,No Data Reported,No Data Reported,6.248,No Data Reported,27.119
2000-01-01,Not Available,Not Available,Not Available,Not Available,Not Available,Not Available,Not Available,Not Available,Not Available,Not Available,Not Available,Not Available,Not Available,Not Available,Not Available
2000-02-01,Not Available,Not Available,Not Available,Not Available,Not Available,Not Available,Not Available,Not Available,Not Available,Not Available,Not Available,Not Available,Not Available,Not Available,Not Available
2000-03-01,Not Available,Not Available,Not Available,Not Available,Not Available,Not Available,Not Available,Not Available,Not Available,Not Available,Not Available,Not Available,Not Available,Not Available,Not Available
2000-04-01,Not Available,Not Available,Not Available,Not Available,Not Available,Not Available,Not Available,Not Available,Not Available,Not Available,Not Available,Not Available,Not Available,Not Available,Not Available
2000-05-01,Not Available,Not Available,Not Available,Not Available,Not Available,Not Available,Not Available,Not Available,Not Available,Not Available,Not Available,Not Available,Not Available,Not Available,Not Available
2000-06-01,Not Available,Not Available,Not Available,Not Available,Not Available,Not Available,Not Available,Not Available,Not Available,Not Available,Not Available,Not Available,Not Available,Not Available,Not Available
2000-07-01,Not Available,Not Available,Not Available,Not Available,Not Available,Not Available,Not Available,Not Available,Not Available,Not Available,Not Available,Not Available,Not Available,Not Available,Not Available
2000-08-01,Not Available,Not Available,Not Available,Not Available,Not Available,Not Available,Not Available,Not Available,Not Available,Not Available,Not Available,Not Available,Not Available,Not Available,Not Available
2000-09-01,Not Available,Not Available,Not Available,Not Available,Not Available,Not Available,Not Available,Not Available,Not Available,Not Available,Not Available,Not Available,Not Available,Not Available,Not Available
2000-10-01,Not Available,Not Available,Not Available,Not Available,Not Available,Not Available,Not Available,Not Available,Not Available,Not Available,Not Available,Not Available,Not Available,Not Available,Not Available
2000-11-01,Not Available,Not Available,Not Available,Not Available,Not Available,Not Available,Not Available,Not Available,Not Available,Not Available,Not Available,Not Available,Not Available,Not Available,Not Available
2000-12-01,4.601,0.818,13.708,21.15,No Data Reported,No Data Reported,1.079,4.413,0.194,No Data Reported,No Data Reported,No Data Reported,5.686,No Data Reported,27.346
2001-01-01,Not Available,Not Available,Not Available,Not Available,Not Available,Not Available,Not Available,Not Available,Not Available,Not Available,Not Available,Not Available,Not Available,Not Available,Not Available
2001-02-01,Not Available,Not Available,Not Available,Not Available,Not Available,Not Available,Not Available,Not Available,Not Available,Not Available,Not Available,Not Available,Not Available,Not Available,Not Available
2001-03-01,Not Available,Not Available,Not Available,Not Available,Not Available,Not Available,Not Available,Not Available,Not Available,Not Available,Not Available,Not Available,Not Available,Not Available,Not Available
2001-04-01,Not Available,Not Available,Not Available,Not Available,Not Available,Not Available,Not Available,Not Available,Not Available,Not Available,Not Available,Not Available,Not Available,Not Available,Not Available
2001-05-01,Not Available,Not Available,Not Available,Not Available,Not Available,Not Available,Not Available,Not Available,Not Available,Not Available,Not Available,Not Available,Not Available,Not Available,Not Available
2001-06-01,Not Available,Not Available,Not Available,Not Available,Not Available,Not Available,Not Available,Not Available,Not Available,Not Available,Not Available,Not Available,Not Available,Not Available,Not Available
2001-07-01,Not Available,Not Available,Not Available,Not Available,Not Available,Not Available,Not Available,Not Available,Not Available,Not Available,Not Available,Not Available,Not Available,Not Available,Not Available
2001-08-01,Not Available,Not Available,Not Available,Not Available,Not Available,Not Available,Not Available,Not Available,Not Available,Not Available,Not Available,Not Available,Not Available,Not Available,Not Available
2001-09-01,Not Available,Not Available,Not Available,Not Available,Not Available,Not Available,Not Available,Not Available,Not Available,Not Available,Not Available,Not Available,Not Available,Not Available,Not Available
2001-10-01,Not Available,Not Available,Not Available,Not Available,Not Available,Not Available,Not Available,Not Available,Not Available,Not Available,Not Available,Not Available,Not Available,Not Available,Not Available
2001-11-01,Not Available,Not Available,Not Available,Not Available,Not Available,Not Available,Not Available,Not Available,Not Available,Not Available,Not Available,Not Available,Not Available,Not Available,Not Available
2001-12-01,4.156,1.124,14.123,20.73,No Data Reported,No Data Reported,1.041,4.245,0.138,No Data Reported,No Data Reported,No Data Reported,5.424,No Data Reported,26.553
2002-01-01,Not Available,Not Available,Not Available,Not Available,Not Available,Not Available,Not Available,Not Available,Not Available,Not Available,Not Available,Not Available,Not Available,Not Available,Not Available
2002-02-01,Not Available,Not Available,Not Available,Not Available,Not Available,Not Available,Not Available,Not Available,Not Available,Not Available,Not Available,Not Available,Not Available,Not Available,Not Available
2002-03-01,Not Available,Not Available,Not Available,Not Available,Not Available,Not Available,Not Available,Not Available,Not Available,Not Available,Not Available,Not Available,Not Available,Not Available,Not Available
2002-04-01,Not Available,Not Available,Not Available,Not Available,Not Available,Not Available,Not Available,Not Available,Not Available,Not Available,Not Available,Not Available,Not Available,Not Available,Not Available
2002-05-01,Not Available,Not Available,Not Available,Not Available,Not Available,Not Available,Not Available,Not Available,Not Available,Not Available,Not Available,Not Available,Not Available,Not Available,Not Available
2002-06-01,Not Available,Not Available,Not Available,Not Available,Not Available,Not Available,Not Available,Not Available,Not Available,Not Available,Not Available,Not Available,Not Available,Not Available,Not Available
2002-07-01,Not Available,Not Available,Not Available,Not Available,Not Available,Not Available,Not Available,Not Available,Not Available,Not Available,Not Available,Not Available,Not Available,Not Available,Not Available
2002-08-01,Not Available,Not Available,Not Available,Not Available,Not Available,Not Available,Not Available,Not Available,Not Available,Not Available,Not Available,Not Available,Not Available,Not Available,Not Available
2002-09-01,Not Available,Not Available,Not Available,Not Available,Not Available,Not Available,Not Available,Not Available,Not Available,Not Available,Not Available,Not Available,Not Available,Not Available,Not Available
2002-10-01,Not Available,Not Available,Not Available,Not Available,Not Available,Not Available,Not Available,Not Available,Not Available,Not Available,Not Available,Not Available,Not Available,Not Available,Not Available
2002-11-01,Not Available,Not Available,Not Available,Not Available,Not Available,Not Available,Not Available,Not Available,Not Available,Not Available,Not Available,Not Available,Not Available,Not Available,Not Available
2002-12-01,4.01,0.726,14.745,21.237,No Data Reported,No Data Reported,1.033,4.285,0.134,No Data Reported,No Data Reported,No Data Reported,5.452,No Data Reported,27.296
2003-01-01,Not Available,Not Available,Not Available,Not Available,Not Available,Not Available,Not Available,Not Available,Not Available,Not Available,Not Available,Not Available,Not Available,Not Available,Not Available
2003-02-01,Not Available,Not Available,Not Available,Not Available,Not Available,Not Available,Not Available,Not Available,Not Available,Not Available,Not Available,Not Available,Not Available,Not Available,Not Available
2003-03-01,Not Available,Not Available,Not Available,Not Available,Not Available,Not Available,Not Available,Not Available,Not Available,Not Available,Not Available,Not Available,Not Available,Not Available,Not Available
2003-04-01,Not Available,Not Available,Not Available,Not Available,Not Available,Not Available,Not Available,Not Available,Not Available,Not Available,Not Available,Not Available,Not Available,Not Available,Not Available
2003-05-01,Not Available,Not Available,Not Available,Not Available,Not Available,Not Available,Not Available,Not Available,Not Available,Not Available,Not Available,Not Available,Not Available,Not Available,Not Available
2003-06-01,Not Available,Not Available,Not Available,Not Available,Not Available,Not Available,Not Available,Not Available,Not Available,Not Available,Not Available,Not Available,Not Available,Not Available,Not Available
2003-07-01,Not Available,Not Available,Not Available,Not Available,Not Available,Not Available,Not Available,Not Available,Not Available,Not Available,Not Available,Not Available,Not Available,Not Available,Not Available
2003-08-01,Not Available,Not Available,Not Available,Not Available,Not Available,Not Available,Not Available,Not Available,Not Available,Not Available,Not Available,Not Available,Not Available,Not Available,Not Available
2003-09-01,Not Available,Not Available,Not Available,Not Available,Not Available,Not Available,Not Available,Not Available,Not Available,Not Available,Not Available,Not Available,Not Available,Not Available,Not Available
2003-10-01,Not Available,Not Available,Not Available,Not Available,Not Available,Not Available,Not Available,Not Available,Not Available,Not Available,Not Available,Not Available,Not Available,Not Available,Not Available
2003-11-01,Not Available,Not Available,Not Available,Not Available,Not Available,Not Available,Not Available,Not Available,Not Available,Not Available,Not Available,Not Available,Not Available,Not Available,Not Available
2003-12-01,4.127,0.738,15.316,21.923,No Data Reported,No Data Reported,0.786,4.271,0.136,No Data Reported,No Data Reported,No Data Reported,5.193,No Data Reported,27.741
2004-01-01,Not Available,Not Available,Not Available,Not Available,Not Available,Not Available,Not Available,Not Available,Not Available,Not Available,Not Available,Not Available,Not Available,Not Available,Not Available
2004-02-01,Not Available,Not Available,Not Available,Not Available,Not Available,Not Available,Not Available,Not Available,Not Available,Not Available,Not Available,Not Available,Not Available,Not Available,Not Available
2004-03-01,Not Available,Not Available,Not Available,Not Available,Not Available,Not Available,Not Available,Not Available,Not Available,Not Available,Not Available,Not Available,Not Available,Not Available,Not Available
2004-04-01,Not Available,Not Available,Not Available,Not Available,Not Available,Not Available,Not Available,Not Available,Not Available,Not Available,Not Available,Not Available,Not Available,Not Available,Not Available
2004-05-01,Not Available,Not Available,Not Available,Not Available,Not Available,Not Available,Not Available,Not Available,Not Available,Not Available,Not Available,Not Available,Not Available,Not Available,Not Available
2004-06-01,Not Available,Not Available,Not Available,Not Available,Not Available,Not Available,Not Available,Not Available,Not Available,Not Available,Not Available,Not Available,Not Available,Not Available,Not Available
2004-07-01,Not Available,Not Available,Not Available,Not Available,Not Available,Not Available,Not Available,Not Available,Not Available,Not Available,Not Available,Not Available,Not Available,Not Available,Not Available
2004-08-01,Not Available,Not Available,Not Available,Not Available,Not Available,Not Available,Not Available,Not Available,Not Available,Not Available,Not Available,Not Available,Not Available,Not Available,Not Available
2004-09-01,Not Available,Not Available,Not Available,Not Available,Not Available,Not Available,Not Available,Not Available,Not Available,Not Available,Not Available,Not Available,Not Available,Not Available,Not Available
2004-10-01,Not Available,Not Available,Not Available,Not Available,Not Available,Not Available,Not Available,Not Available,Not Available,Not Available,Not Available,Not Available,Not Available,Not Available,Not Available
2004-11-01,Not Available,Not Available,Not Available,Not Available,Not Available,Not Available,Not Available,Not Available,Not Available,Not Available,Not Available,Not Available,Not Available,Not Available,Not Available
2004-12-01,3.825,0.789,14.753,21.304,No Data Reported,No Data Reported,0.648,4.545,0.183,No Data Reported,No Data Reported,No Data Reported,5.376,No Data Reported,27.367
2005-01-01,Not Available,Not Available,Not Available,Not Available,Not Available,Not Available,Not Available,Not Available,Not Available,Not Available,Not Available,Not Available,Not Available,Not Available,Not Available
2005-02-01,Not Available,Not Available,Not Available,Not Available,Not Available,Not Available,Not Available,Not Available,Not Available,Not Available,Not Available,Not Available,Not Available,Not Available,Not Available
2005-03-01,Not Available,Not Available,Not Available,Not Available,Not Available,Not Available,Not Available,Not Available,Not Available,Not Available,Not Available,Not Available,Not Available,Not Available,Not Available
2005-04-01,Not Available,Not Available,Not Available,Not Available,Not Available,Not Available,Not Available,Not Available,Not Available,Not Available,Not Available,Not Available,Not Available,Not Available,Not Available
2005-05-01,Not Available,Not Available,Not Available,Not Available,Not Available,Not Available,Not Available,Not Available,Not Available,Not Available,Not Available,Not Available,Not Available,Not Available,Not Available
2005-06-01,Not Available,Not Available,Not Available,Not Available,Not Available,Not Available,Not Available,Not Available,Not Available,Not Available,Not Available,Not Available,Not Available,Not Available,Not Available
2005-07-01,Not Available,Not Available,Not Available,Not Available,Not Available,Not Available,Not Available,Not Available,Not Available,Not Available,Not Available,Not Available,Not Available,Not Available,Not Available
2005-08-01,Not Available,Not Available,Not Available,Not Available,Not Available,Not Available,Not Available,Not Available,Not Available,Not Available,Not Available,Not Available,Not Available,Not Available,Not Available
2005-09-01,Not Available,Not Available,Not Available,Not Available,Not Available,Not Available,Not Available,Not Available,Not Available,Not Available,Not Available,Not Available,Not Available,Not Available,Not Available
2005-10-01,Not Available,Not Available,Not Available,Not Available,Not Available,Not Available,Not Available,Not Available,Not Available,Not Available,Not Available,Not Available,Not Available,Not Available,Not Available
2005-11-01,Not Available,Not Available,Not Available,Not Available,Not Available,Not Available,Not Available,Not Available,Not Available,Not Available,Not Available,Not Available,Not Available,Not Available,Not Available
2005-12-01,3.984,0.777,14.501,21.019,No Data Reported,No Data Reported,0.662,4.545,0.202,No Data Reported,No Data Reported,No Data Reported,5.409,No Data Reported,27.23
2006-01-01,Not Available,Not Available,Not Available,Not Available,Not Available,Not Available,Not Available,Not Available,Not Available,Not Available,Not Available,Not Available,Not Available,Not Available,Not Available
2006-02-01,Not Available,Not Available,Not Available,Not Available,Not Available,Not Available,Not Available,Not Available,Not Available,Not Available,Not Available,Not Available,Not Available,Not Available,Not Available
2006-03-01,Not Available,Not Available,Not Available,Not Available,Not Available,Not Available,Not Available,Not Available,Not Available,Not Available,Not Available,Not Available,Not Available,Not Available,Not Available
2006-04-01,Not Available,Not Available,Not Available,Not Available,Not Available,Not Available,Not Available,Not Available,Not Available,Not Available,Not Available,Not Available,Not Available,Not Available,Not Available
2006-05-01,Not Available,Not Available,Not Available,Not Available,Not Available,Not Available,Not Available,Not Available,Not Available,Not Available,Not Available,Not Available,Not Available,Not Available,Not Available
2006-06-01,Not Available,Not Available,Not Available,Not Available,Not Available,Not Available,Not Available,Not Available,Not Available,Not Available,Not Available,Not Available,Not Available,Not Available,Not Available
2006-07-01,Not Available,Not Available,Not Available,Not Available,Not Available,Not Available,Not Available,Not Available,Not Available,Not Available,Not Available,Not Available,Not Available,Not Available,Not Available
2006-08-01,Not Available,Not Available,Not Available,Not Available,Not Available,Not Available,Not Available,Not Available,Not Available,Not Available,Not Available,Not Available,Not Available,Not Available,Not Available
2006-09-01,Not Available,Not Available,Not Available,Not Available,Not Available,Not Available,Not Available,Not Available,Not Available,Not Available,Not Available,Not Available,Not Available,Not Available,Not Available
2006-10-01,Not Available,Not Available,Not Available,Not Available,Not Available,Not Available,Not Available,Not Available,Not Available,Not Available,Not Available,Not Available,Not Available,Not Available,Not Available
2006-11-01,Not Available,Not Available,Not Available,Not Available,Not Available,Not Available,Not Available,Not Available,Not Available,Not Available,Not Available,Not Available,Not Available,Not Available,Not Available
2006-12-01,3.317,0.983,15.285,21.387,No Data Reported,No Data Reported,0.693,4.688,0.208,No Data Reported,No Data Reported,No Data Reported,5.589,No Data Reported,27.773
2007-01-01,Not Available,Not Available,Not Available,Not Available,Not Available,Not Available,Not Available,Not Available,Not Available,Not Available,Not Available,Not Available,Not Available,Not Available,Not Available
2007-02-01,Not Available,Not Available,Not Available,Not Available,Not Available,Not Available,Not Available,Not Available,Not Available,Not Available,Not Available,Not Available,Not Available,Not Available,Not Available
2007-03-01,Not Available,Not Available,Not Available,Not Available,Not Available,Not Available,Not Available,Not Available,Not Available,Not Available,Not Available,Not Available,Not Available,Not Available,Not Available
2007-04-01,Not Available,Not Available,Not Available,Not Available,Not Available,Not Available,Not Available,Not Available,Not Available,Not Available,Not Available,Not Available,Not Available,Not Available,Not Available
2007-05-01,Not Available,Not Available,Not Available,Not Available,Not Available,Not Available,Not Available,Not Available,Not Available,Not Available,Not Available,Not Available,Not Available,Not Available,Not Available
2007-06-01,Not Available,Not Available,Not Available,Not Available,Not Available,Not Available,Not Available,Not Available,Not Available,Not Available,Not Available,Not Available,Not Available,Not Available,Not Available
2007-07-01,Not Available,Not Available,Not Available,Not Available,Not Available,Not Available,Not Available,Not Available,Not Available,Not Available,Not Available,Not Available,Not Available,Not Available,Not Available
2007-08-01,Not Available,Not Available,Not Available,Not Available,Not Available,Not Available,Not Available,Not Available,Not Available,Not Available,Not Available,Not Available,Not Available,Not Available,Not Available
2007-09-01,Not Available,Not Available,Not Available,Not Available,Not Available,Not Available,Not Available,Not Available,Not Available,Not Available,Not Available,Not Available,Not Available,Not Available,Not Available
2007-10-01,Not Available,Not Available,Not Available,Not Available,Not Available,Not Available,Not Available,Not Available,Not Available,Not Available,Not Available,Not Available,Not Available,Not Available,Not Available
2007-11-01,Not Available,Not Available,Not Available,Not Available,Not Available,Not Available,Not Available,Not Available,Not Available,Not Available,Not Available,Not Available,Not Available,Not Available,Not Available
2007-12-01,3.194,0.88,14.699,20.631,No Data Reported,No Data Reported,0.331,5.002,0.16,No Data Reported,0.001,No Data Reported,5.494,No Data Reported,26.845
2008-01-01,3.316,0.726,14.412,20.238,No Data Reported,No Data Reported,0.331,5.01,0.107,No Data Reported,0.001,No Data Reported,5.45,No Data Reported,26.809
2008-02-01,3.316,0.726,14.412,20.238,No Data Reported,No Data Reported,0.331,5.01,0.107,No Data Reported,0.001,No Data Reported,5.45,No Data Reported,26.809
2008-03-01,3.293,0.724,14.405,20.207,No Data Reported,No Data Reported,0.331,5.01,0.105,No Data Reported,0.001,No Data Reported,5.447,No Data Reported,26.776
2008-04-01,3.293,0.724,14.405,20.207,No Data Reported,No Data Reported,0.334,5.01,0.105,No Data Reported,0.001,No Data Reported,5.45,No Data Reported,26.779
2008-05-01,3.293,0.713,14.401,20.192,No Data Reported,No Data Reported,0.334,5.01,0.105,No Data Reported,0.001,No Data Reported,5.45,No Data Reported,26.764
2008-06-01,3.293,0.713,14.394,20.185,No Data Reported,No Data Reported,0.334,5.01,0.105,No Data Reported,0.001,No Data Reported,5.45,No Data Reported,26.757
2008-07-01,3.277,0.713,14.394,20.169,No Data Reported,No Data Reported,0.334,5.01,0.105,No Data Reported,0.001,No Data Reported,5.45,No Data Reported,26.741
2008-08-01,3.277,0.713,14.387,20.162,No Data Reported,No Data Reported,0.334,5.01,0.105,No Data Reported,0.001,No Data Reported,5.45,No Data Reported,26.733
2008-09-01,3.277,0.713,14.345,20.12,No Data Reported,No Data Reported,0.334,5.01,0.105,No Data Reported,0.001,No Data Reported,5.45,No Data Reported,26.691
2008-10-01,3.246,0.713,14.345,20.089,No Data Reported,No Data Reported,0.334,5.01,0.105,No Data Reported,0.001,No Data Reported,5.45,No Data Reported,26.66
2008-11-01,3.246,0.713,14.345,20.089,No Data Reported,No Data Reported,0.334,5.01,0.105,No Data Reported,0.001,No Data Reported,5.45,No Data Reported,26.66
2008-12-01,3.246,0.713,14.303,20.047,No Data Reported,No Data Reported,0.334,5.01,0.105,No Data Reported,0.001,No Data Reported,5.45,No Data Reported,26.599
2009-01-01,3.223,0.708,14.263,19.953,No Data Reported,No Data Reported,0.337,4.999,0.106,No Data Reported,0.001,No Data Reported,5.443,No Data Reported,26.477
2009-02-01,3.298,0.708,14.263,20.028,No Data Reported,No Data Reported,0.337,4.999,0.106,No Data Reported,0.001,No Data Reported,5.443,No Data Reported,26.552
2009-03-01,3.298,0.708,14.263,20.028,No Data Reported,No Data Reported,0.337,4.994,0.106,No Data Reported,0.001,No Data Reported,5.438,No Data Reported,26.547
2009-04-01,3.403,0.706,14.263,20.085,No Data Reported,No Data Reported,0.337,4.994,0.106,No Data Reported,0.001,No Data Reported,5.438,No Data Reported,26.604
2009-05-01,3.392,0.706,14.503,20.314,No Data Reported,No Data Reported,0.337,4.994,0.106,No Data Reported,0.001,No Data Reported,5.438,No Data Reported,26.834
2009-06-01,3.413,0.706,14.503,20.336,No Data Reported,No Data Reported,0.337,4.994,0.106,No Data Reported,0.001,No Data Reported,5.438,No Data Reported,26.855
2009-07-01,3.413,0.706,14.515,20.348,No Data Reported,No Data Reported,0.337,5.049,0.106,No Data Reported,0.001,No Data Reported,5.493,No Data Reported,26.922
2009-08-01,3.413,0.705,14.515,20.347,No Data Reported,No Data Reported,0.337,5.049,0.118,No Data Reported,0.001,No Data Reported,5.505,No Data Reported,26.933
2009-09-01,3.413,0.705,14.524,20.357,No Data Reported,No Data Reported,0.337,5.043,0.118,No Data Reported,0.001,No Data Reported,5.498,No Data Reported,26.937
2009-10-01,3.412,0.705,14.524,20.355,No Data Reported,No Data Reported,0.337,5.043,0.118,No Data Reported,0.001,No Data Reported,5.498,No Data Reported,26.935
2009-11-01,3.412,0.705,14.515,20.346,No Data Reported,No Data Reported,0.337,5.043,0.118,No Data Reported,0.001,No Data Reported,5.498,No Data Reported,26.925
2009-12-01,3.412,0.704,14.415,20.245,No Data Reported,No Data Reported,0.337,5.043,0.118,No Data Reported,0.001,No Data Reported,5.498,No Data Reported,26.825
2010-01-01,4.036,0.674,14.224,20.805,No Data Reported,No Data Reported,0.341,4.956,0.164,No Data Reported,0.001,No Data Reported,5.462,No Data Reported,27.378
2010-02-01,4.024,0.674,14.224,20.817,No Data Reported,No Data Reported,0.341,4.956,0.164,No Data Reported,0.001,No Data Reported,5.462,No Data Reported,27.389
2010-03-01,3.969,0.674,14.163,20.701,No Data Reported,No Data Reported,0.341,4.956,0.164,No Data Reported,0.001,No Data Reported,5.462,No Data Reported,27.274
2010-04-01,3.969,0.675,14.159,20.698,No Data Reported,No Data Reported,0.341,4.954,0.164,No Data Reported,0.001,0.002,5.461,No Data Reported,27.27
2010-05-01,4.03,0.675,14.159,20.759,No Data Reported,No Data Reported,0.341,4.954,0.164,No Data Reported,0.001,0.002,5.461,No Data Reported,27.331
2010-06-01,4.03,0.675,14.155,20.833,No Data Reported,No Data Reported,0.341,4.954,0.164,No Data Reported,0.001,0.002,5.461,No Data Reported,27.405
2010-07-01,4.03,0.675,14.147,20.825,No Data Reported,No Data Reported,0.341,4.954,0.164,No Data Reported,0.001,0.002,5.461,No Data Reported,27.397
2010-08-01,4.03,0.675,14.147,20.819,No Data Reported,No Data Reported,0.341,4.954,0.164,No Data Reported,0.001,0.002,5.461,No Data Reported,27.391
2010-09-01,4.03,0.675,14.147,20.819,No Data Reported,No Data Reported,0.341,4.988,0.164,No Data Reported,0.001,0.002,5.496,No Data Reported,27.425
2010-10-01,4.03,0.673,14.147,20.817,No Data Reported,No Data Reported,0.341,5.011,0.164,No Data Reported,0.001,0.002,5.518,No Data Reported,27.446
2010-11-01,4.019,0.674,14.147,20.807,No Data Reported,No Data Reported,0.341,5.011,0.164,No Data Reported,0.001,0.002,5.518,No Data Reported,27.436
2010-12-01,4.01,0.674,14.15,20.801,No Data Reported,No Data Reported,0.341,4.948,0.165,No Data Reported,0.001,0.002,5.457,No Data Reported,27.369
2011-01-01,3.556,0.692,14.201,20.375,No Data Reported,No Data Reported,0.341,5,0.17,No Data Reported,0.001,0.002,5.514,No Data Reported,27.009
2011-02-01,3.556,0.692,14.197,20.366,No Data Reported,No Data Reported,0.341,5,0.17,No Data Reported,0.001,0.002,5.514,No Data Reported,27.021
2011-03-01,3.558,0.692,14.197,20.368,No Data Reported,No Data Reported,0.341,5,0.17,No Data Reported,0.001,0.002,5.514,No Data Reported,27.023
2011-04-01,3.558,0.692,14.199,20.37,No Data Reported,No Data Reported,0.341,5.02,0.17,No Data Reported,0.001,0.002,5.534,No Data Reported,27.045
2011-05-01,3.54,0.692,14.192,20.346,No Data Reported,No Data Reported,0.341,5.019,0.172,No Data Reported,0.001,0.002,5.535,No Data Reported,27.022
2011-06-01,3.54,0.692,14.097,20.254,No Data Reported,No Data Reported,0.341,5.003,0.172,No Data Reported,0.003,0.002,5.521,No Data Reported,26.916
2011-07-01,3.54,0.69,14.104,20.239,No Data Reported,No Data Reported,0.341,5.003,0.172,No Data Reported,0.003,0.004,5.524,No Data Reported,26.903
2011-08-01,3.54,0.69,14.098,20.233,No Data Reported,No Data Reported,0.341,5.003,0.172,No Data Reported,0.003,0.004,5.524,No Data Reported,26.897
2011-09-01,3.54,0.691,14.126,20.262,No Data Reported,No Data Reported,0.341,5.003,0.172,No Data Reported,0.003,0.004,5.524,No Data Reported,26.926
2011-10-01,3.54,0.69,14.156,20.291,No Data Reported,No Data Reported,0.341,5.003,0.172,No Data Reported,0.003,0.004,5.524,No Data Reported,26.955
2011-11-01,3.54,0.69,14.228,20.363,No Data Reported,No Data Reported,0.337,5.033,0.172,No Data Reported,0.003,0.004,5.55,No Data Reported,27.053
2011-12-01,3.54,0.69,14.259,20.393,No Data Reported,No Data Reported,0.337,5.041,0.172,No Data Reported,0.004,0.004,5.558,No Data Reported,27.14
2012-01-01,3.337,0.715,14.19,20.103,No Data Reported,No Data Reported,0.563,5.226,0.172,No Data Reported,0.005,0.008,5.975,No Data Reported,27.271
2012-02-01,3.337,0.715,14.19,20.103,No Data Reported,No Data Reported,0.563,5.226,0.172,No Data Reported,0.005,0.008,5.975,No Data Reported,27.271
2012-03-01,3.337,0.858,14.19,20.247,No Data Reported,No Data Reported,0.563,5.226,0.18,No Data Reported,0.005,0.008,5.982,No Data Reported,27.422
2012-04-01,3.337,0.859,14.19,20.247,No Data Reported,No Data Reported,0.563,5.226,0.18,No Data Reported,0.005,0.008,5.982,No Data Reported,27.423
2012-05-01,3.337,1.004,14.191,20.393,No Data Reported,No Data Reported,0.563,5.226,0.18,No Data Reported,0.005,0.008,5.982,No Data Reported,27.569
2012-06-01,3.337,1.004,14.202,20.405,No Data Reported,No Data Reported,0.563,5.226,0.181,No Data Reported,0.005,0.008,5.984,No Data Reported,27.582
2012-07-01,3.337,1.004,14.202,20.405,No Data Reported,No Data Reported,0.563,5.226,0.184,No Data Reported,0.007,0.008,5.989,No Data Reported,27.587
2012-08-01,3.337,1.004,14.202,20.405,No Data Reported,No Data Reported,0.591,5.226,0.184,No Data Reported,0.007,0.008,6.016,No Data Reported,27.615
2012-09-01,3.337,1.004,14.206,20.409,No Data Reported,No Data Reported,0.618,5.226,0.184,No Data Reported,0.007,0.008,6.044,No Data Reported,27.646
2012-10-01,3.337,1.004,14.206,20.409,No Data Reported,No Data Reported,0.618,5.247,0.184,No Data Reported,0.007,0.008,6.065,No Data Reported,27.668
2012-11-01,3.342,1.004,14.23,20.438,No Data Reported,No Data Reported,0.646,5.247,0.184,No Data Reported,0.007,0.008,6.092,No Data Reported,27.724
2012-12-01,3.342,1.032,14.263,20.499,No Data Reported,No Data Reported,0.646,5.247,0.193,No Data Reported,0.007,0.009,6.103,No Data Reported,27.795
2013-01-01,3.067,0.74,14.371,20.143,No Data Reported,No Data Reported,0.633,5.33,0.192,No Data Reported,0.008,0.013,6.175,No Data Reported,27.476
2013-02-01,3.067,0.737,14.371,20.14,No Data Reported,No Data Reported,0.633,5.33,0.192,No Data Reported,0.008,0.013,6.175,No Data Reported,27.473
2013-03-01,3.067,0.729,14.371,20.132,No Data Reported,No Data Reported,0.633,5.33,0.192,No Data Reported,0.008,0.013,6.175,No Data Reported,27.465
2013-04-01,3.053,0.729,14.44,20.187,No Data Reported,No Data Reported,0.633,5.33,0.192,No Data Reported,0.008,0.013,6.175,No Data Reported,27.52
2013-05-01,3.053,0.729,14.44,20.187,No Data Reported,No Data Reported,0.633,5.33,0.192,No Data Reported,0.008,0.016,6.178,No Data Reported,27.523
2013-06-01,3.053,0.729,14.436,20.183,No Data Reported,No Data Reported,0.633,5.323,0.193,No Data Reported,0.008,0.018,6.174,No Data Reported,27.514
2013-07-01,3.053,0.727,14.436,20.181,No Data Reported,No Data Reported,0.661,5.323,0.193,No Data Reported,0.008,0.018,6.202,No Data Reported,27.541
2013-08-01,3.051,0.727,14.401,20.146,No Data Reported,No Data Reported,0.661,5.323,0.193,No Data Reported,0.008,0.018,6.202,No Data Reported,27.505
2013-09-01,3.051,0.727,14.401,20.146,No Data Reported,No Data Reported,0.661,5.363,0.199,No Data Reported,0.008,0.018,6.248,No Data Reported,27.551
2013-10-01,3.03,0.727,14.401,20.124,No Data Reported,No Data Reported,0.661,5.386,0.199,No Data Reported,0.008,0.018,6.271,No Data Reported,27.553
2013-11-01,3.03,0.737,14.401,20.133,No Data Reported,No Data Reported,0.661,5.467,0.199,No Data Reported,0.008,0.018,6.352,No Data Reported,27.643
2013-12-01,3.019,0.652,14.39,20.027,No Data Reported,No Data Reported,0.661,5.467,0.206,No Data Reported,0.008,0.018,6.359,No Data Reported,27.544
2014-01-01,2.94,0.602,14.733,20.087,No Data Reported,No Data Reported,0.279,5.435,0.212,No Data Reported,0.008,0.023,5.956,No Data Reported,27.335
2014-02-01,2.94,0.602,14.733,20.087,No Data Reported,No Data Reported,0.279,5.435,0.212,No Data Reported,0.008,0.023,5.956,No Data Reported,27.335
2014-03-01,2.94,0.594,14.733,20.08,No Data Reported,No Data Reported,0.279,5.465,0.212,No Data Reported,0.008,0.023,5.986,No Data Reported,27.358
2014-04-01,2.94,0.594,14.728,20.075,No Data Reported,No Data Reported,0.279,5.464,0.215,No Data Reported,0.008,0.023,5.989,No Data Reported,27.354
2014-05-01,2.94,0.594,14.801,20.148,No Data Reported,No Data Reported,0.279,5.375,0.215,No Data Reported,0.008,0.023,5.9,No Data Reported,27.363
2014-06-01,2.94,0.594,14.801,20.148,No Data Reported,No Data Reported,0.279,5.375,0.215,No Data Reported,0.008,0.023,5.9,No Data Reported,27.362
2014-07-01,2.94,0.594,14.801,20.148,No Data Reported,No Data Reported,0.279,5.368,0.215,No Data Reported,0.008,0.023,5.893,No Data Reported,27.355
2014-08-01,2.94,0.594,14.787,20.134,No Data Reported,No Data Reported,0.279,5.368,0.215,No Data Reported,0.008,0.023,5.893,No Data Reported,27.314
2014-09-01,2.938,0.594,14.787,20.132,No Data Reported,No Data Reported,0.279,5.368,0.215,No Data Reported,0.008,0.023,5.893,No Data Reported,27.312
2014-10-01,2.9,0.594,14.729,19.996,No Data Reported,No Data Reported,0.279,5.366,0.215,No Data Reported,0.008,0.023,5.891,No Data Reported,27.174
2014-11-01,2.9,0.594,14.729,19.996,No Data Reported,No Data Reported,0.279,5.366,0.215,No Data Reported,0.008,0.024,5.892,No Data Reported,27.176
2014-12-01,2.899,0.594,14.726,19.991,No Data Reported,No Data Reported,0.279,5.366,0.215,No Data Reported,0.008,0.024,5.892,No Data Reported,27.171
2015-01-01,2.56,0.683,14.381,19.761,No Data Reported,No Data Reported,0.279,5.789,0.224,No Data Reported,0.01,0.024,6.326,No Data Reported,27.308
2015-02-01,2.552,0.683,14.381,19.753,No Data Reported,No Data Reported,0.279,5.789,0.224,No Data Reported,0.01,0.024,6.326,No Data Reported,27.3
2015-03-01,2.552,0.683,14.384,19.757,No Data Reported,No Data Reported,0.279,5.789,0.224,No Data Reported,0.012,0.024,6.329,No Data Reported,27.306
2015-04-01,2.525,0.684,14.384,19.731,No Data Reported,No Data Reported,0.279,5.82,0.224,No Data Reported,0.012,0.024,6.359,No Data Reported,27.312
2015-05-01,2.525,0.684,14.458,19.805,No Data Reported,No Data Reported,0.279,5.82,0.224,No Data Reported,0.012,0.024,6.359,No Data Reported,27.385
2015-06-01,2.525,0.684,14.471,19.817,No Data Reported,No Data Reported,0.279,5.82,0.224,No Data Reported,0.012,0.024,6.359,No Data Reported,27.397
2015-07-01,2.525,0.684,14.471,19.817,No Data Reported,No Data Reported,0.279,5.82,0.224,No Data Reported,0.012,0.024,6.359,No Data Reported,27.397
2015-08-01,2.525,0.684,14.471,19.818,No Data Reported,No Data Reported,0.279,5.847,0.223,No Data Reported,0.012,0.024,6.386,No Data Reported,27.425
2015-09-01,2.518,0.684,14.471,19.812,No Data Reported,No Data Reported,0.279,5.847,0.223,No Data Reported,0.012,0.024,6.386,No Data Reported,27.419
2015-10-01,2.51,0.684,14.471,19.803,No Data Reported,No Data Reported,0.279,5.864,0.223,No Data Reported,0.012,0.024,6.403,No Data Reported,27.427
2015-11-01,2.51,0.684,14.476,19.808,No Data Reported,No Data Reported,0.279,5.859,0.223,No Data Reported,0.012,0.024,6.399,No Data Reported,27.428
2015-12-01,2.51,0.684,14.474,19.806,No Data Reported,No Data Reported,0.279,5.838,0.223,No Data Reported,0.012,0.032,6.385,No Data Reported,27.412
2016-01-01,2.192,0.699,14.532,19.521,No Data Reported,No Data Reported,0.28,5.716,0.226,No Data Reported,0.018,0.032,6.271,No Data Reported,27.067
2016-02-01,2.192,0.699,14.563,19.551,No Data Reported,No Data Reported,0.28,5.714,0.226,No Data Reported,0.018,0.032,6.27,No Data Reported,27.096
2016-03-01,2.192,0.699,14.559,19.548,No Data Reported,No Data Reported,0.28,5.706,0.226,No Data Reported,0.018,0.032,6.262,No Data Reported,27.085
2016-04-01,2.192,0.699,14.559,19.548,No Data Reported,No Data Reported,0.28,5.703,0.226,No Data Reported,0.018,0.032,6.259,No Data Reported,27.082
2016-05-01,2.192,0.699,14.561,19.549,No Data Reported,No Data Reported,0.28,5.703,0.225,No Data Reported,0.018,0.032,6.259,No Data Reported,27.083
2016-06-01,2.192,0.699,14.554,19.542,No Data Reported,No Data Reported,0.28,5.703,0.225,No Data Reported,0.019,0.032,6.26,No Data Reported,27.077
2016-07-01,2.175,0.699,14.549,19.52,No Data Reported,No Data Reported,0.28,5.703,0.225,No Data Reported,0.019,0.032,6.26,No Data Reported,27.055
2016-08-01,2.175,0.699,14.547,19.516,No Data Reported,No Data Reported,0.28,5.703,0.225,No Data Reported,0.019,0.032,6.26,No Data Reported,27.066
2016-09-01,2.175,0.699,14.488,19.457,No Data Reported,No Data Reported,0.282,5.703,0.225,No Data Reported,0.019,0.032,6.262,No Data Reported,27.008
2016-10-01,2.075,0.699,14.482,19.35,No Data Reported,No Data Reported,0.282,5.703,0.225,No Data Reported,0.019,0.032,6.262,No Data Reported,26.878
2016-11-01,2.075,0.699,14.482,19.35,No Data Reported,No Data Reported,0.282,5.703,0.225,No Data Reported,0.019,0.032,6.262,No Data Reported,26.878
2016-12-01,2.075,0.697,14.485,19.352,No Data Reported,No Data Reported,0.282,5.703,0.179,No Data Reported,0.019,0.032,6.216,No Data Reported,26.834
2017-01-01,1.965,0.683,14.471,19.132,No Data Reported,No Data Reported,0.282,5.691,0.176,No Data Reported,0.022,0.035,6.206,No Data Reported,26.682
2017-02-01,1.965,0.678,14.478,19.134,No Data Reported,No Data Reported,0.282,5.691,0.176,No Data Reported,0.022,0.035,6.206,0.001,26.685
2017-03-01,1.965,0.678,14.478,19.134,No Data Reported,No Data Reported,0.282,5.732,0.176,No Data Reported,0.022,0.035,6.247,0.001,26.725
2017-04-01,1.965,0.678,14.478,19.134,No Data Reported,No Data Reported,0.282,5.732,0.176,No Data Reported,0.022,0.035,6.247,0.001,26.725
2017-05-01,1.965,0.678,14.479,19.136,No Data Reported,No Data Reported,0.282,5.739,0.176,No Data Reported,0.026,0.035,6.258,0.001,26.738
2017-06-01,1.965,0.678,14.479,19.136,No Data Reported,No Data Reported,0.282,5.745,0.18,No Data Reported,0.04,0.035,6.283,0.001,26.763
2017-07-01,1.965,0.678,14.479,19.136,No Data Reported,No Data Reported,0.282,5.745,0.18,No Data Reported,0.04,0.035,6.283,0.001,26.763
2017-08-01,1.965,0.674,14.482,19.134,No Data Reported,No Data Reported,0.282,5.745,0.18,No Data Reported,0.04,0.035,6.283,0.002,26.762
2017-09-01,1.965,0.674,14.482,19.134,No Data Reported,No Data Reported,0.282,5.745,0.18,No Data Reported,0.04,0.035,6.283,0.002,26.762
2017-10-01,1.965,0.674,14.482,19.134,No Data Reported,No Data Reported,0.282,5.745,0.18,No Data Reported,0.04,0.039,6.287,0.002,26.766
2017-11-01,1.965,0.674,14.482,19.134,No Data Reported,No Data Reported,0.282,5.745,0.18,No Data Reported,0.04,0.039,6.287,0.002,26.766
2017-12-01,1.965,0.632,14.484,19.094,No Data Reported,No Data Reported,0.282,5.725,0.169,No Data Reported,0.043,0.039,6.259,0.002,26.699
2018-01-01,1.955,0.564,14.434,19.136,No Data Reported,No Data Reported,0.209,5.801,0.148,No Data Reported,0.042,0.042,6.242,0.002,26.678
2018-02-01,1.955,0.564,14.434,19.136,No Data Reported,No Data Reported,0.209,5.801,0.148,No Data Reported,0.042,0.042,6.242,0.002,26.678
2018-03-01,1.955,0.564,14.429,19.131,No Data Reported,No Data Reported,0.209,5.768,0.148,No Data Reported,0.042,0.042,6.209,0.002,26.641
2018-04-01,1.955,0.564,14.412,19.113,No Data Reported,No Data Reported,0.209,5.774,0.148,No Data Reported,0.042,0.042,6.215,0.002,26.629
2018-05-01,1.955,0.564,14.412,19.113,No Data Reported,No Data Reported,0.209,5.773,0.147,No Data Reported,0.042,0.042,6.214,0.002,26.628
2018-06-01,1.955,0.564,14.422,19.124,No Data Reported,No Data Reported,0.209,5.763,0.147,No Data Reported,0.042,0.042,6.203,0.002,26.628
2018-07-01,1.955,0.563,14.429,19.129,No Data Reported,No Data Reported,0.209,5.755,0.147,No Data Reported,0.042,0.042,6.195,0.002,26.625
2018-08-01,1.955,0.563,14.429,19.129,No Data Reported,No Data Reported,0.209,5.755,0.147,No Data Reported,0.047,0.042,6.2,0.002,26.63
2018-09-01,1.955,0.563,14.411,19.112,No Data Reported,No Data Reported,0.209,5.755,0.147,No Data Reported,0.047,0.045,6.203,0.002,26.616
2018-10-01,1.955,0.561,14.411,19.11,No Data Reported,No Data Reported,0.209,5.755,0.147,No Data Reported,0.047,0.045,6.203,0.002,26.614
2018-11-01,1.955,0.561,14.402,19.1,No Data Reported,No Data Reported,0.209,5.756,0.147,No Data Reported,0.047,0.045,6.204,0.002,26.606
2018-12-01,1.955,0.561,14.402,19.1,No Data Reported,No Data Reported,0.209,5.756,0.147,No Data Reported,0.047,0.045,6.204,0.002,26.605
2019-01-01,1.86,0.577,14.73,19.314,No Data Reported,No Data Reported,0.215,5.768,0.147,No Data Reported,0.053,0.045,6.227,0.002,26.834
2019-02-01,1.86,0.577,14.728,19.312,No Data Reported,No Data Reported,0.215,5.768,0.147,No Data Reported,0.055,0.045,6.229,0.002,26.834
2019-03-01,1.86,0.577,14.734,19.318,No Data Reported,No Data Reported,0.214,5.7,0.147,No Data Reported,0.055,0.045,6.16,0.002,26.771
2019-04-01,1.86,0.577,14.777,19.366,No Data Reported,No Data Reported,0.214,5.688,0.147,No Data Reported,0.056,0.045,6.15,0.002,26.808
2019-05-01,1.8,0.577,14.767,19.296,No Data Reported,No Data Reported,0.214,5.688,0.147,No Data Reported,0.056,0.045,6.15,0.002,26.738
2019-06-01,1.8,0.577,14.764,19.279,No Data Reported,No Data Reported,0.214,5.647,0.147,No Data Reported,0.058,0.045,6.111,0.003,26.684
2019-07-01,1.8,0.577,14.809,19.324,No Data Reported,No Data Reported,0.214,5.647,0.147,No Data Reported,0.058,0.045,6.111,0.003,26.729
2019-08-01,1.8,0.577,14.809,19.324,No Data Reported,No Data Reported,0.214,5.647,0.147,No Data Reported,0.058,0.045,6.111,0.003,26.729
2019-09-01,1.8,0.51,14.883,19.33,No Data Reported,No Data Reported,0.214,5.647,0.147,No Data Reported,0.058,0.045,6.111,0.003,26.736
2019-10-01,1.8,0.51,14.878,19.325,No Data Reported,No Data Reported,0.214,5.581,0.147,No Data Reported,0.058,0.045,6.045,0.003,26.664
2019-11-01,1.8,0.51,14.862,19.309,No Data Reported,No Data Reported,0.214,5.581,0.147,No Data Reported,0.058,0.045,6.045,0.003,26.648
2019-12-01,1.725,0.51,14.803,19.176,No Data Reported,No Data Reported,0.214,5.585,0.147,No Data Reported,0.058,0.045,6.049,0.003,26.491
2020-01-01,1.526,0.512,15.269,19.221,No Data Reported,No Data Reported,0.214,5.585,0.138,No Data Reported,0.062,0.045,6.044,0.003,26.537
2020-02-01,1.526,0.512,15.306,19.257,No Data Reported,No Data Reported,0.214,5.585,0.138,No Data Reported,0.062,0.045,6.044,0.003,26.574
2020-03-01,1.526,0.512,15.282,19.234,No Data Reported,No Data Reported,0.214,5.585,0.138,No Data Reported,0.062,0.045,6.044,0.003,26.55
2020-04-01,1.526,0.512,15.28,19.231,No Data Reported,No Data Reported,0.214,5.585,0.138,No Data Reported,0.063,0.045,6.046,0.003,26.549
2020-05-01,1.526,0.512,15.269,19.221,No Data Reported,No Data Reported,0.214,5.585,0.138,No Data Reported,0.071,0.045,6.054,0.003,26.546
2020-06-01,1.526,0.512,15.262,19.214,No Data Reported,No Data Reported,0.214,5.585,0.138,No Data Reported,0.071,0.271,6.28,0.003,26.765
2020-07-01,1.526,0.512,15.276,19.228,No Data Reported,No Data Reported,0.214,5.585,0.138,No Data Reported,0.071,0.271,6.28,0.003,26.779
2020-08-01,1.526,0.512,15.306,19.258,No Data Reported,No Data Reported,0.214,5.585,0.138,No Data Reported,0.071,0.28,6.289,0.003,26.819
2020-09-01,1.526,0.512,15.303,19.255,No Data Reported,No Data Reported,0.214,5.585,0.136,No Data Reported,0.076,0.28,6.292,0.003,26.818
2020-10-01,1.526,0.512,15.303,19.255,No Data Reported,No Data Reported,0.214,5.585,0.136,No Data Reported,0.076,0.28,6.292,0.003,26.818
2020-11-01,1.526,0.512,15.303,19.255,No Data Reported,No Data Reported,0.214,5.585,0.136,No Data Reported,0.078,0.28,6.293,0.003,26.82
2020-12-01,1.526,0.512,15.303,19.255,No Data Reported,No Data Reported,0.214,5.566,0.136,No Data Reported,0.083,0.28,6.279,0.003,26.805
2021-01-01,1.422,0.512,15.927,19.411,No Data Reported,No Data Reported,0.214,5.356,0.137,No Data Reported,0.081,0.054,5.842,0.003,26.55
2021-02-01,1.422,0.512,15.927,19.411,No Data Reported,No Data Reported,0.214,5.356,0.137,No Data Reported,0.081,0.054,5.842,0.003,26.55
2021-03-01,1.422,0.512,15.927,19.411,No Data Reported,No Data Reported,0.214,5.356,0.137,No Data Reported,0.081,0.054,5.842,0.003,26.55
2021-04-01,1.422,0.512,15.924,19.409,No Data Reported,No Data Reported,0.214,5.356,0.137,No Data Reported,0.083,0.054,5.844,0.003,26.549
2021-05-01,1.422,0.511,15.924,19.408,No Data Reported,No Data Reported,0.214,5.356,0.137,No Data Reported,0.083,0.054,5.844,0.003,26.548
2021-06-01,1.422,0.509,15.952,19.435,No Data Reported,No Data Reported,0.214,5.356,0.137,No Data Reported,0.083,0.054,5.844,0.003,26.575
2021-07-01,1.422,0.509,16.092,19.574,No Data Reported,No Data Reported,0.214,5.356,0.137,No Data Reported,0.087,0.054,5.848,0.003,26.719
2021-08-01,1.422,0.509,16.092,19.549,No Data Reported,No Data Reported,0.214,5.356,0.136,No Data Reported,0.093,0.054,5.854,0.003,26.7
2021-09-01,1.422,0.509,16.054,19.511,No Data Reported,No Data Reported,0.214,5.361,0.136,No Data Reported,0.113,0.054,5.878,0.003,26.686
2021-10-01,1.422,0.508,16.139,19.595,No Data Reported,No Data Reported,0.214,5.361,0.136,No Data Reported,0.118,0.057,5.886,0.003,26.778
2021-11-01,1.422,0.507,16.136,19.591,No Data Reported,No Data Reported,0.214,5.361,0.136,No Data Reported,0.118,0.057,5.887,0.003,26.775
2021-12-01,1.422,0.507,16.139,19.594,No Data Reported,No Data Reported,0.214,5.351,0.136,No Data Reported,0.128,0.057,5.886,0.003,26.777
2022-01-01,1.396,0.569,16.434,19.702,No Data Reported,No Data Reported,0.209,5.247,0.127,No Data Reported,0.135,0.057,5.774,0.003,26.732
2022-02-01,1.396,0.569,16.434,19.702,No Data Reported,No Data Reported,0.209,5.247,0.127,No Data Reported,0.135,0.057,5.774,0.003,26.732
2022-03-01,1.396,0.569,16.437,19.775,No Data Reported,No Data Reported,0.209,5.247,0.127,No Data Reported,0.142,0.057,5.781,0.003,26.812
2022-04-01,1.396,0.569,16.436,19.773,No Data Reported,No Data Reported,0.209,5.247,0.127,No Data Reported,0.144,0.057,5.783,0.003,26.812
2022-05-01,1.396,0.569,16.436,19.773,No Data Reported,No Data Reported,0.209,5.247,0.127,No Data Reported,0.148,0.057,5.787,0.004,26.817
2022-06-01,1.396,0.569,16.435,19.773,No Data Reported,No Data Reported,0.209,5.241,0.127,No Data Reported,0.161,0.057,5.794,0.004,26.793
2022-07-01,1.396,0.569,16.435,19.773,No Data Reported,No Data Reported,0.209,5.253,0.127,No Data Reported,0.163,0.057,5.808,0.004,26.807
2022-08-01,1.396,0.569,16.435,19.772,No Data Reported,No Data Reported,0.209,5.253,0.127,No Data Reported,0.171,0.057,5.817,0.004,26.814
2022-09-01,1.396,0.569,16.436,19.773,No Data Reported,No Data Reported,0.209,5.253,0.127,No Data Reported,0.171,0.057,5.817,0.004,26.816
2022-10-01,1.396,0.569,16.401,19.738,No Data Reported,No Data Reported,0.209,5.253,0.127,No Data Reported,0.171,0.057,5.817,0.004,26.78
2022-11-01,1.396,0.569,16.404,19.741,No Data Reported,No Data Reported,0.209,5.253,0.127,No Data Reported,0.174,0.057,5.819,0.004,26.787
2022-12-01,1.396,0.569,16.404,19.736,No Data Reported,No Data Reported,0.209,5.253,0.127,No Data Reported,0.174,0.057,5.819,0.004,26.781
2023-01-01,1.375,0.488,16.43,19.829,No Data Reported,No Data Reported,0.209,5.38,0.124,No Data Reported,0.176,0.057,5.945,0.004,27.001
2023-02-01,1.375,0.488,16.457,19.856,No Data Reported,No Data Reported,0.209,5.38,0.124,No Data Reported,0.174,0.057,5.943,0.004,27.026
2023-03-01,1.375,0.488,16.377,19.746,No Data Reported,No Data Reported,0.209,5.38,0.124,No Data Reported,0.177,0.057,5.946,0.004,26.919
2023-04-01,1.375,0.488,16.378,19.746,No Data Reported,No Data Reported,0.209,5.38,0.124,No Data Reported,0.177,0.057,5.946,0.004,26.947
2023-05-01,1.375,0.488,16.379,19.747,No Data Reported,No Data Reported,0.209,5.335,0.124,No Data Reported,0.177,0.057,5.901,0.004,26.903
2023-06-01,1.375,0.488,16.32,19.688,No Data Reported,No Data Reported,0.209,5.32,0.124,No Data Reported,0.177,0.057,5.886,0.004,26.829
2023-07-01,1.375,0.488,16.32,19.688,No Data Reported,No Data Reported,0.209,5.32,0.124,No Data Reported,0.178,0.057,5.888,0.004,26.831
2023-08-01,1.375,0.488,16.32,19.688,No Data Reported,No Data Reported,0.209,5.32,0.124,No Data Reported,0.178,0.057,5.888,0.004,26.831
2023-09-01,1.375,0.488,16.325,19.694,No Data Reported,No Data Reported,0.209,5.288,0.124,No Data Reported,0.178,0.057,5.856,0.004,26.804
2023-10-01,1.375,0.488,16.325,19.694,No Data Reported,No Data Reported,0.207,5.288,0.124,No Data Reported,0.192,0.057,5.867,0.004,26.816
2023-11-01,1.375,0.488,16.319,19.687,No Data Reported,No Data Reported,0.207,5.225,0.124,No Data Reported,0.197,0.057,5.809,0.004,26.752
2023-12-01,1.375,0.488,16.288,19.656,No Data Reported,No Data Reported,0.207,5.225,0.124,No Data Reported,0.245,0.054,5.855,0.004,26.765
2024-01-01,1.375,0.488,16.29,19.658,No Data Reported,No Data Reported,0.207,5.225,0.124,No Data Reported,0.254,0.054,5.863,0.004,26.772
2024-02-01,1.375,0.488,16.29,19.658,No Data Reported,No Data Reported,0.207,5.225,0.124,No Data Reported,0.254,0.054,5.863,0.004,26.772
2024-03-01,1.375,0.488,16.29,19.658,No Data Reported,No Data Reported,0.207,5.225,0.124,No Data Reported,0.255,0.054,5.865,0.004,26.774
2024-04-01,1.375,0.488,16.182,19.551,No Data Reported,No Data Reported,0.207,5.225,0.124,No Data Reported,0.255,0.054,5.865,0.004,26.667
2024-05-01,1.375,0.488,16.182,19.551,No Data Reported,No Data Reported,0.207,5.225,0.124,No Data Reported,0.255,0.054,5.865,0.004,26.667
2024-06-01,1.375,0.488,16.183,19.552,No Data Reported,No Data Reported,0.207,5.225,0.124,No Data Reported,0.261,0.054,5.87,0.004,26.674
2024-07-01,1.375,0.488,16.185,19.554,No Data Reported,No Data Reported,0.207,5.225,0.124,No Data Reported,0.265,0.054,5.875,0.004,26.68
2024-08-01,1.375,0.488,16.188,19.556,No Data Reported,No Data Reported,0.207,5.225,0.124,No Data Reported,0.266,0.054,5.876,0.004,26.684
2024-09-01,1.375,0.488,16.194,19.563,No Data Reported,No Data Reported,0.207,5.225,0.126,No Data Reported,0.274,0.054,5.887,0.004,26.701
